,E_1,ED1_1,ED2_1,Pu1_1,Pu2_1,E_hybrid_1,P_E_1,seedNumber_1,seedEbest_1,E_2,ED1_2,ED2_2,Pu1_2,Pu2_2,E_hybrid_2,P_E_2,seedNumber_2,seedEbest_2,E_3,ED1_3,ED2_3,Pu1_3,Pu2_3,E_hybrid_3,P_E_3,seedNumber_3,seedEbest_3,E_diff_12,pumin1_4u,pumin5_8u,pumin1_4d,pumin5_8d
mean,-11.813809523809525,5.212142857142856,3.578333333333333,0.002408392758071429,0.052980744352380954,-20.604285714285716,22.937544000000003,6.642857142857143,-3.463095238095238,-21.518571428571427,6.7473809523809525,3.810238095238096,0.0004576873529195239,0.03745606047142857,-32.07619047619048,7.511043547619046,11.476190476190476,-3.964523809523809,-7.82095238095238,71430.635,71430.635,0.09546277176190478,0.09546277176190478,-12.090952380952382,3.5695793571428576,3.2142857142857144,-2.9626190476190475,-9.704761904761904,0.22311966614285716,0.19500846642857145,0.2009600691904762,0.3146457301190477
std,3.1380916621263766,1.6068353015823214,1.748854561255099,0.0068996146224690755,0.11602430057224201,3.7811278113986577,104.24613740193554,2.526169650091873,1.2212218753188377,4.998360497753762,2.12777573034677,1.599346647236162,0.0010351382832689206,0.1030312247301996,5.87398105429772,19.273557236722656,4.1097035394716865,1.0674021400988347,3.360046319021481,260660.3202368755,260660.3202368755,0.14814986851848266,0.14814986851848266,4.720140970158087,12.793797863933156,1.2790185697409402,1.6638275876963808,3.892169899592494,0.19482971968741036,0.16137423190888942,0.21203425027500017,0.30108945035189877
