Metric,Mean,Std
Accuracy,0.33,0.15362291495737215
Precision,0.3833333333333333,0.33166247903554
Recall,0.36666666666666664,0.19436506316151
F1,0.32666666666666666,0.1717879830230017
