E_1,Pu1_1,E_hybrid_1,seedNumber_1,seedEbest_1,seedNumber_3,E_diff_12,pumin1_4u,pumin1_4d,pumin5_8d
-2.035055429790467,0.1003008544382904,-0.8451748909625392,0.5372334582095464,-1.4713990948087337,-2.513087605082039,-0.2531333730681306,-0.2117945157908245,-0.6723043046375404,-0.405503513910406
0.8711694297537155,5.580211265212753,2.346994377585738,-0.2544790065203117,-0.4314570288607036,0.6143103034644983,-0.5485983783651518,-0.5382580558608361,-0.4096341467372689,1.2963292783084086
0.7787565778603152,-0.283890603352348,0.2444470963132606,-1.4420477036150987,0.6084850370873266,-0.9493886508087704,2.493406545736347,-0.892956200019104,-0.3917238327428332,-0.6398259052048942
0.5620643734206169,-0.3277882725081962,0.3105649353469863,0.5372334582095464,-1.3240057311310602,0.6143103034644983,-0.7053232942183534,3.2975191612856247,-0.4181610710320707,-0.4743382073072592
0.6959036761627831,-0.1025293145747141,0.212710533577072,-2.233760168344957,1.345451855475695,-2.513087605082039,-0.2891030258868985,-0.8454107330602527,1.383379008009764,0.7732431993510535
-1.8470430759383765,-0.3478579948879147,-1.5909841152629651,1.3289459229394045,-0.7999404380548878,0.6143103034644983,-0.3481960269463032,-0.688051886323786,0.3143135164393842,-0.5287220456677941
