E_1,Pu1_1,Pu2_1,E_hybrid_1,seedEbest_1,seedNumber_3,pumin1_4u,pumin1_4d,pumin5_8d
3.1161467372157494,14.18810571845931,-1.6796096891538697,5.225718835464116,1.63090441101582,-4.477943835113988,-2.232278435915572,-4.118506197444171,-2.3918116134184646
4.042258901057044,808.4223797500484,20.253047607800283,6.06995617092924,2.482463072849093,-2.032789415518674,-3.907913655192168,-2.879696158218912,3.2604382087848536
4.012810159005073,-41.49492569890307,-4.383343597757149,5.5138926401133554,3.334021734682367,-3.255366625316331,-5.728468264249525,-2.795227191666542,-3.1700600409891537
3.94375793626252,-47.857262084024114,-4.267993744885608,5.531378914667314,1.7515977646614806,-2.032789415518674,15.779930803551997,-2.919911002206346,-2.620430362153774
3.9864078385446855,-15.20921284372153,-4.389340683554677,5.505499228327455,3.937488502910672,-4.477943835113988,-5.484432256626384,5.576546889409312,1.5231269933105238
3.176059695183553,-50.766079964135855,-0.3880729844471587,5.028473658495463,2.180729688734941,-2.032789415518674,-4.676758524975293,0.5345997031229294,-2.801053888806647
