Statistic,Value
Skewness,-0.03947560893452986
Kurtosis,-0.6230306225100222
