Statistic,Value
Skewness,1.0714066619806206
Kurtosis,0.009326015512201025
