Statistic,Value
Skewness,0.24424406680722469
Kurtosis,-1.1618135694543192
