Statistic,Value
Skewness,-0.6006024857674676
Kurtosis,0.43643746942261386
