Statistic,Value
Skewness,2.5531062187917997e-11
Kurtosis,3.3084003418074923
