Statistic,Value
Skewness,-0.010265796122581878
Kurtosis,-0.4213220016228476
