Metric,Mean,Std
Accuracy,0.6963333333333332,0.05132034467711396
Precision,0.664981684981685,0.07128080893699205
Recall,0.7196969696969696,0.11833711630161599
F1,0.6853812853812853,0.06658687848112675
