Metric,Mean,Std
Accuracy,0.692094861660079,0.0819660308954277
Precision,0.6958441558441558,0.11037096863222529
Recall,0.7181818181818181,0.042152811343162296
F1,0.7023768115942028,0.06622878247264768
