Metric,Value
MAE,0.09391739130434783
MSE,0.019117089565217394
RMSE,0.13826456366407625
R² Score,-0.02564278049918345
