Metric,Value
MAE,0.06472826086956522
MSE,0.006642280652173913
RMSE,0.08150018804992976
R² Score,-0.049222202647118074
