Metric,Value
MAE,0.08523768115942028
MSE,0.01493557391304348
RMSE,0.12221118571163395
R² Score,-0.033544389276806585
