Metric,Value
MAE,0.06761304347826087
MSE,0.006558573043478261
RMSE,0.08098501740123454
R² Score,-0.09419004202376358
