Metric,Value
MAE,0.06877608695652171
MSE,0.009387817173913042
RMSE,0.0968907486497707
R² Score,-0.03066480263157878
