Metric,Value
MAE,0.09125000000000001
MSE,0.014770900652173924
RMSE,0.12153559417789475
R² Score,-0.055502581074373225
