Statistic,Value
Skewness,-0.00271851170449955
Kurtosis,0.2963253149526479
