Statistic,Value
Skewness,0.0030720109450885933
Kurtosis,0.2567077076761759
