Statistic,Value
Skewness,0.205816772963288
Kurtosis,0.14275011792420322
