Statistic,Value
Skewness,0.09966541098831998
Kurtosis,0.20218512848030823
