Statistic,Value
Skewness,9.56419204447021e-07
Kurtosis,3.33778556520965
