Statistic,Value
Skewness,-0.6336147045498496
Kurtosis,-0.29748703770175444
