Statistic,Value
Skewness,0.21195286625483906
Kurtosis,-1.346165667431693
