Statistic,Value
Skewness,-0.4836271243815145
Kurtosis,0.12482952617037446
