Statistic,Value
Skewness,2.407405272974006
Kurtosis,4.481780767804616
