Statistic,Value
Skewness,-1.239774564771331
Kurtosis,0.5791299315728895
