Statistic,Value
Skewness,0.018914837472221196
Kurtosis,-0.5829597972333995
