Statistic,Value
Skewness,0.6596591568775765
Kurtosis,-0.4048565965908453
