Statistic,Value
Skewness,0.46799423434217663
Kurtosis,-0.5925239501654005
