Statistic,Value
Skewness,1.354013748087493
Kurtosis,1.1506024962178714
