Statistic,Value
Skewness,-0.15746896224135384
Kurtosis,-0.9633104956255187
