Statistic,Value
Skewness,-1.3147023930344126
Kurtosis,2.4852685580637326
