Statistic,Value
Skewness,0.09170911418439687
Kurtosis,-1.2799644385070454
