Statistic,Value
Skewness,2.5781588833766498e-11
Kurtosis,3.3376751944375354
