Statistic,Value
Skewness,0.06178568519988358
Kurtosis,-0.6749713294076445
