Statistic,Value
Skewness,0.5259309229773041
Kurtosis,-0.49731149455566515
