Statistic,Value
Skewness,0.4056664026294909
Kurtosis,-0.623296031523819
