Statistic,Value
Skewness,1.5331320764356633
Kurtosis,2.5036732656304954
