Statistic,Value
Skewness,0.599540792099113
Kurtosis,-0.4289384376719516
