Statistic,Value
Skewness,1.2109202199243225
Kurtosis,0.738934638631056
