Statistic,pumin1_4d
Min,0.004427356
Max,0.9795687
Mean,0.2600720551057269
Median,0.1822725
