Statistic,Value
Skewness,0.0006251940722696036
Kurtosis,0.043358281721630476
