Statistic,Value
Skewness,-0.05549810437496542
Kurtosis,0.07412512498972745
