Statistic,Value
Skewness,0.00955442188856574
Kurtosis,0.08711682004272614
