Statistic,Value
Skewness,-0.10660213190231117
Kurtosis,0.10947202534613165
