Statistic,Value
Skewness,6.820533797735058e-05
Kurtosis,3.3352740661553693
