id2,seq2,E,Etotal,ED1,ED2,Pu1,Pu2,subseqDB,hybridDB,E_hybrid,seedStart1,seedEnd1,seedStart2,seedEnd2,seedE,seedED1,seedED2,seedPu1,seedPu2,P_E
AU-230-231,UUCUUUGCCAAUUUAAGGCUAGCUACAACGAUUCAAAAG,-13.42,-820.71,3.54,5.61,0.00244114,7.24435e-05,222CUUUUGAAAUUAAAUUGGCAA&5UUGCCAAUUUAAGGCUAGCUACAACGAUUCAAAAG,222|||||||..||||||||||||&5||||||||||||................|||||||,-22.57,237:236:238:224:223:232:235:222,241:240:242:228:227:236:239:226,6:7:5:33:34:11:8:35,10:11:9:37:38:15:12:39,-2.65:-2.57:-2.51:-1.97:-1.53:-0.84:-0.53:-0.18,1.24:1.21:0.33:1.73:1.94:0.6:1.08:1.84,4.64:4.33:4.81:0.01:0.01:0:3.71:0.01,0.12159609655797346:0.12795541646849698:0.5707823663635625:0.052882903919131342:0.037011953456152595:0.36076066394593914:0.15958590086728167:0.043867088527489016,0.00037655490253921044:0.00063767354200907559:0.00028208093850275862:0.9831512135571443:0.9831512135571443:1:0.0018286836463480114:0.9831512135571443,0.837068
