id2,seq2,E,Etotal,ED1,ED2,Pu1,Pu2,subseqDB,hybridDB,E_hybrid,seedStart1,seedEnd1,seedStart2,seedEnd2,seedE,seedED1,seedED2,seedPu1,seedPu2,P_E
AU-350-351,GAUCGAAUUCUACCCAGGCUAGCUACAACGAAAAGCCAU,-26.65,-835.24,5.34,0.81,0.000114617,0.252491,351UGGGUAGAAUUCGAUC&1GAUCGAAUUCUACCCA,351||||||||||||||||&1||||||||||||||||,-32.8,362:361:359:360:352:351:353:354:358:356:357:355,366:365:363:364:356:355:357:358:362:360:361:359,1:2:4:3:11:12:10:9:5:7:6:8,5:6:8:7:15:16:14:13:9:11:10:12,-8:-5.23:-4.98:-4.92:-3.93:-3.35:-3.07:-1.59:-1.53:-1.15:-0.66:-0.33,0.09:0.09:0.19:0.17:4.76:4.53:4.82:3.18:1.35:2.22:2.1:2.29,0.81:0.79:0:0:0:0:0.8:0.79:0.79:0.79:0.79:0.79,0.85818886770185743:0.85818886770185743:0.72407920138272253:0.74910972238207862:0.00030709457309461907:0.00045394662376055232:0.00027732821701032521:0.004500509066253551:0.10086561699528819:0.022999106106886717:0.028201169663455181:0.020419880407973292,0.25249099261259206:0.26121929344027633:1:1:1:1:0.2568180653503474:0.26121929344027633:0.26121929344027633:0.26121929344027633:0.26121929344027633:0.26121929344027633,0.562024
AU-350-351,GAUCGAAUUCUACCCAGGCUAGCUACAACGAAAAGCCAU,-9.58,-818.17,4.53,0.29,0.000453947,0.610927,1288UUCGCAGUGGCU&21AGCUACAACGAA,1288||||..||||||&21||||||..||||,-14.4,1294:1295,1298:1299,22:21,26:25,-4.32:-0.91,3.82:4.17,0.29:0.29,0.001516917972692854:0.00083689945270760252,0.61092692949867611:0.61092692949867611,1.42115e-13
