id2,seq2,E,Etotal,ED1,ED2,Pu1,Pu2,subseqDB,hybridDB,E_hybrid,seedStart1,seedEnd1,seedStart2,seedEnd2,seedE,seedED1,seedED2,seedPu1,seedPu2,P_E
AU-404-405,AGAGUUGAAAGGCACAGGCUAGCUACAACGAUUGGUUGC,-9.77,-28.99,3.33,3.33,0.00348792,0.00348792,17GGCUAGCU&17GGCUAGCU,17||||||||&17||||||||,-16.43,17:20:18:19,21:24:22:23,20:17:19:18,24:21:23:22,-2.48:-2.48:-1.6:-1.6,0.82:3.03:3.04:3.32,3.03:0.82:3.32:3.04,0.24823682579931786:0.0058070671301301601:0.005709225096195268:0.0035476936912031075,0.0058070671301301601:0.24823682579931786:0.0035476936912031075:0.005709225096195268,0.923292
