id2,seq2,E,Etotal,ED1,ED2,Pu1,Pu2,subseqDB,hybridDB,E_hybrid,seedStart1,seedEnd1,seedStart2,seedEnd2,seedE,seedED1,seedED2,seedPu1,seedPu2,P_E
AU-211-212,CAAAAGGUGUCUGCAAGGCUAGCUACAACGAUCAUAGCU,-24.18,-832.89,4.57,6.98,0.000424117,7.0629e-06,203AGCUAUGAAUUGCAGACACCU&5AGGUGUCUGCAAGGCUAGCU,203|||||.|..||||||||||||&5||||||||||||..||||||,-35.73,214:215:217:218:219:213:216:212,218:219:221:222:223:217:220:216,10:9:7:6:5:11:8:12,14:13:11:10:9:15:12:16,-5.43:-5.41:-5.26:-5.17:-4.98:-4.67:-3.03:-2.37,1.59:1.57:1.43:1.19:0.96:1.88:1.37:1.53,1.6:1.58:1.79:1.83:1.82:1.14:1.77:0.99,0.067085833573516482:0.069404907733932319:0.088045204486953854:0.13237867670408987:0.19568191238988819:0.040984542317927614:0.09749532440812847:0.074286329909187265,0.065955518690295312:0.068235519265437194:0.047757019300052266:0.04461886220815748:0.045383519435145431:0.14411740624890013:0.049407920295653149:0.18595661965953542,6.34053
