id2,seq2,E,Etotal,ED1,ED2,Pu1,Pu2,subseqDB,hybridDB,E_hybrid,seedStart1,seedEnd1,seedStart2,seedEnd2,seedE,seedED1,seedED2,seedPu1,seedPu2,P_E
AU-390-391,CAUUUGGUUGCAUUCAGGCUAGCUACAACGAUUGGUGAC,-12.17,-27.91,2.13,2.13,0.0267996,0.0267996,17GGCUAGCU&17GGCUAGCU,17||||||||&17||||||||,-16.43,18:19:17:20,22:23:21:24,19:18:20:17,23:22:24:21,-4.18:-4.18:-3.1:-3.1,1.69:1.92:1.72:1.89,1.92:1.69:1.89:1.72,0.056602291903513242:0.038291410836563872:0.053789186434297774:0.040294002516954676,0.038291410836563872:0.056602291903513242:0.040294002516954676:0.053789186434297774,0.936039
AU-390-391,CAUUUGGUUGCAUUCAGGCUAGCUACAACGAUUGGUGAC,-5.34,-21.08,1.25,1.25,0.119547,0.119547,26CAACGAUUGGUG&26CAACGAUUGGUG,26||.||||||.||&26||.||||||.||,-7.84,29:30,33:34,30:29,34:33,-1.77:-1.77,0.49:0.42,0.42:0.49,0.4349062627509454:0.48983907269373245,0.48983907269373245:0.4349062627509454,8.53046e-06
