id2,seq2,E,Etotal,ED1,ED2,Pu1,Pu2,subseqDB,hybridDB,E_hybrid,seedStart1,seedEnd1,seedStart2,seedEnd2,seedE,seedED1,seedED2,seedPu1,seedPu2,P_E
AU-364-365,CAACUGGAUAGACAGAGGCUAGCUACAACGACGAAUUCU,-22.23,-829.07,3.16,5.16,0.00465609,0.000155627,356AGAAUUCGAUCUGUCUAUCCA&5UGGAUAGACAGAGGCUAGCUACAACGACGAAUUCU,356||||||||.||||||||||||&5||||||||||||...............||||||||,-30.55,366:359:370:365:368:367:371:369:358:372:357:356,370:363:374:369:372:371:375:373:362:376:361:360,11:32:7:12:9:10:6:8:33:5:34:35,15:36:11:16:13:14:10:12:37:9:38:39,-4.95:-4.51:-4.28:-3.02:-2.85:-2.71:-2.7:-2.34:-2.16:-1.58:-1.34:-1.06,1.63:0.19:1.44:1.29:1.61:1.61:1.4:1.49:1.35:1.31:2.1:2.22,2:0.06:0.05:1.74:2.2:1.97:3.15:0.04:0.12:3.14:0.11:0.11,0.062677562549068894:0.72407920138272253:0.086561749639235616:0.11169178500844767:0.064844248241154756:0.064844248241154756:0.092649855769102923:0.079511074815226859:0.10086561699528819:0.10795975018553876:0.028201169663455181:0.022999106106886717,0.033424423481757073:0.90307104490862367:0.9185474548123862:0.05199189116451982:0.023794156713609738:0.035172477965101166:0.0047358799187946317:0.93428909220280065:0.81553731215235337:0.0048170412175556577:0.82951360981557831:0.82951360981557831,0.455659
