id2,seq2,E,Etotal,ED1,ED2,Pu1,Pu2,subseqDB,hybridDB,E_hybrid,seedStart1,seedEnd1,seedStart2,seedEnd2,seedE,seedED1,seedED2,seedPu1,seedPu2,P_E
AU-276-277,UAAGGGAAAUACAAAAGGCUAGCUACAACGAUUGGACAU,-20.55,-824.95,3.09,2.72,0.00524419,0.00983393,268AUGUCCAAAUUUUGUAUUUCC&5GGAAAUACAAAAGGCUAGCUACAACGAUUGGACAU,268|||||||..||||||||||||&5||||||||||||................|||||||,-26.36,270:269:284:283:280:281:279:268:278:277:282,274:273:288:287:284:285:283:272:282:281:286,33:34:5:6:9:8:10:35:11:12:7,37:38:9:10:13:12:14:39:15:16:11,-5.49:-5.27:-4.61:-2.64:-2.49:-2.48:-2.03:-1.98:-1.87:-0.99:-0.04,1.71:1.91:0.93:0.96:1.26:0.96:1.4:2.13:1.4:1.23:0.86,1.68:1.66:0.2:0.03:0.35:0.35:0.35:1.14:0.33:0.35:0.01,0.054711000396045734:0.03894763115637271:0.20591582545795303:0.19568191238988819:0.11753312212659672:0.19568191238988819:0.092649855769102923:0.026799585700145474:0.092649855769102923:0.12367995368487215:0.23192495862734949,0.05757231555329137:0.059562519181135275:0.71187934555091148:0.95030050242469288:0.55171042058518638:0.55171042058518638:0.55171042058518638:0.14411740624890013:0.5707823663635625:0.55171042058518638:0.9831512135571443,0.807129
