id2,seq2,E,Etotal,ED1,ED2,Pu1,Pu2,subseqDB,hybridDB,E_hybrid,seedStart1,seedEnd1,seedStart2,seedEnd2,seedE,seedED1,seedED2,seedPu1,seedPu2,P_E
AU-62-63,GCUAGAAGGUCUUUAAGGCUAGCUACAACGAGCACUCAA,-21.81,-833.21,7.53,5.77,2.77396e-06,5.51981e-05,60GCAUUAAAGACCUUCUAGC&1GCUAGAAGGUCUUUAAGGC,60||.||||||||||||||||&1||||||||||||||||.||,-35.11,74:68:67:73:70:66:69,78:72:71:77:74:70:73,1:7:8:2:5:9:6,5:11:12:6:9:13:10,-5.85:-4.72:-4.36:-2.85:-2.18:-2.16:-1.83,2.59:1.31:1.3:2.7:1.87:1.39:0.29,1.18:2.64:2.43:1.18:3.85:2.69:2.65,0.012264865303538637:0.10795975018553876:0.10980991397541899:0.010173872691840169:0.041686916267581295:0.094237645737003217:0.61092692949867611,0.13464732065490712:0.011265860808182149:0.016096730354727251:0.13464732065490712:0.0014415279115870653:0.010348227771626334:0.011076044725330155,514.29
AU-62-63,GCUAGAAGGUCUUUAAGGCUAGCUACAACGAGCACUCAA,-13.01,-824.41,1.49,0.91,0.0795111,0.213034,1425GUGCUUGU&28ACGAGCAC,1425||||||||&28||||||||,-15.41,1425:1427:1426:1428,1429:1431:1430:1432,31:29:30:28,35:33:34:32,-6.92:-6.15:-4.56:-3.87,1.28:1.38:1.3:1.42,0.86:0.91:0.89:0.91,0.11360590666855311:0.095852646507999018:0.10980991397541899:0.089554082091194351,0.23192495862734949:0.21303408045461983:0.22039840470839631:0.21303408045461983,0.00016485
