id2,seq2,E,Etotal,ED1,ED2,Pu1,Pu2,subseqDB,hybridDB,E_hybrid,seedStart1,seedEnd1,seedStart2,seedEnd2,seedE,seedED1,seedED2,seedPu1,seedPu2,P_E
AU-302-303,GGUUGAAUAGUCUUGAGGCUAGCUACAACGAUAUGGAAU,-16.63,-828.21,1.66,9.9,0.0595625,4.94443e-08,294AUUCCAUAAUCAAGACUAUUC&5GAAUAGUCUUGAGGCUAGCUACAACGAUAUGGAAU,294||||||||.||||||||||||&5||||||||||||...............||||||||,-28.19,296:297:294:295:303:304,300:301:298:299:307:308,33:32:35:34:12:11,37:36:39:38:16:15,-6.71:-6.47:-6.05:-5.86:-2.49:-1.24,0.32:0.31:0.32:0.32:0.43:0.43,0:0:0:0:2.23:4.15,0.58056416804736677:0.59051360568108813:0.58056416804736677:0.58056416804736677:0.48158587876654929:0.48158587876654929,1:1:1:1:0.022611599079715217:0.00086583003003304381,0.811058
