id2,seq2,E,Etotal,ED1,ED2,Pu1,Pu2,subseqDB,hybridDB,E_hybrid,seedStart1,seedEnd1,seedStart2,seedEnd2,seedE,seedED1,seedED2,seedPu1,seedPu2,P_E
AU-261-262,AUUUGGACAUUCCCCAGGCUAGCUACAACGAUGAAGGUG,-9.65,-22.19,2.73,2.73,0.00966824,0.00966824,17GGCUAGCU&17GGCUAGCU,17||||||||&17||||||||,-15.11,18:19:17:20,22:23:21:24,19:18:20:17,23:22:24:21,-3.94:-3.94:-2.78:-2.78,1.72:1.28:2.37:1.29,1.28:1.72:1.29:2.37,0.053789186434297774:0.11360590666855311:0.017824434130047861:0.11169178500844767,0.11360590666855311:0.053789186434297774:0.11169178500844767:0.017824434130047861,0.46303
