id2,seq2,E,Etotal,ED1,ED2,Pu1,Pu2,subseqDB,hybridDB,E_hybrid,seedStart1,seedEnd1,seedStart2,seedEnd2,seedE,seedED1,seedED2,seedPu1,seedPu2,P_E
AU-563-564,CAUGCUGGACAAUAAAGGCUAGCUACAACGAUUUAACAA,-20.61,-831,4.49,8.69,0.000485874,3.86418e-07,557GUUAAAAUUUAUUGUCCAGCAUG&1CAUGCUGGACAAUAAAGGCUAGC,557||||...||||||||||||||||&1||||||||||||||||...||||,-33.79,566:567:572:564:565,570:571:576:568:569,10:9:4:12:11,14:13:8:16:15,-1.57:-0.79:-0.44:-0.33:-0.26,0.7:0.69:2.53:0.53:0.62,1.86:1.86:7.98:0:0,0.30438438818228331:0.30960078570313582:0.013581285074619616:0.40632817741889343:0.34870631849447964,0.042401327174030182:0.042401327174030182:1.2912640534264929e-06:1:1,1.80257
AU-563-564,CAUGCUGGACAAUAAAGGCUAGCUACAACGAUUUAACAA,-10.62,-821.01,3.37,0.03,0.00325873,0.950301,966UUGUUGAAUCCUGUG&24UACAACGAUUUAACAA,966||||||||||.||||&24||||..||||||||||,-14.02,968:967:966:971,972:971:970:975,33:34:35:30,37:38:39:34,-3.42:-2.68:-2.2:-2.11,1.12:1.13:1.1:2.25,0.02:0.02:0.02:0.02,0.14909936644965871:0.14658722306558336:0.15425354684288375:0.021856062088693284,0.96658630871888551:0.96658630871888551:0.96658630871888551:0.96658630871888551,7.64876e-08
