id2,seq2,E,Etotal,ED1,ED2,Pu1,Pu2,subseqDB,hybridDB,E_hybrid,seedStart1,seedEnd1,seedStart2,seedEnd2,seedE,seedED1,seedED2,seedPu1,seedPu2,P_E
AU-97-98,GUUCGGACAAAGUGCAGGCUAGCUACAACGAGAAGCUUU,-10.4,-26.78,2.39,2.39,0.0172289,0.0172289,1GUUCGGAC&1GUUCGGAC,1||||||||&1||||||||,-15.18,1:4,5:8,4:1,8:5,-3.81:-3.81,2.34:2.31,2.31:2.34,0.018756629176317187:0.019737576828023989,0.019737576828023989:0.018756629176317187,0.997922
AU-97-98,GUUCGGACAAAGUGCAGGCUAGCUACAACGAGAAGCUUU,-6.16,-22.54,5.64,5.85,6.88431e-05,4.81822e-05,12GUGCAGGCUAGCU&17GGCUAGCUACAAC,12||...||||||||&17||||||||...||,-17.65,17:20,21:24,20:17,24:21,-0.43:-0.43,2.17:3.73,3.73:2.17,0.025038560595200068:0.0017675805755381167,0.0017675805755381167:0.025038560595200068,0.000741502
