id2,seq2,E,Etotal,ED1,ED2,Pu1,Pu2,subseqDB,hybridDB,E_hybrid,seedStart1,seedEnd1,seedStart2,seedEnd2,seedE,seedED1,seedED2,seedPu1,seedPu2,P_E
AU-394-395,GGCACAUUUGGUUGCAGGCUAGCUACAACGAUCAUUUGG,-25.94,-838.53,6.67,10.91,1.19606e-05,8.88728e-09,386CCAAAUGAAUGCAACCAAAUGUGCC&1GGCACAUUUGGUUGCAGGCUAGCUACAACGAUCAUUUGG,386||||||||.||||||||||||||||&1||||||||||||||||...............||||||||,-43.52,406:405:404:386,410:409:408:390,1:2:3:35,5:6:7:39,-6.09:-3.74:-1.95:-0.61,1.26:0.98:0.88:0.04,3.21:3.43:3.42:3.43,0.11753312212659672:0.18914345737999436:0.22417548965938996:0.93428909220280065,0.0042768360268276339:0.0029428602003098419:0.0029932935643361166:0.0029428602003098419,0.998898
