id2,seq2,E,Etotal,ED1,ED2,Pu1,Pu2,subseqDB,hybridDB,E_hybrid,seedStart1,seedEnd1,seedStart2,seedEnd2,seedE,seedED1,seedED2,seedPu1,seedPu2,P_E
AU-359-360,GGAUAGACAGAUCGAAGGCUAGCUACAACGAUCUACCCA,-26.67,-838.95,8.53,10.6,5.07146e-07,1.50501e-08,351UGGGUAGAAUUCGAUCUGUCUAUCC&1GGAUAGACAGAUCGAAGGCUAGCUACAACGAUCUACCCA,351||||||||.||||||||||||||||&1||||||||||||||||...............||||||||,-45.8,371:370:362:368:351:363:369:367:352:361:366:364:360,375:374:366:372:355:367:373:371:356:365:370:368:364,1:2:10:4:35:9:3:5:34:11:6:8:12,5:6:14:8:39:13:7:9:38:15:10:12:16,-5.46:-4.47:-4.13:-3.3:-2.6:-2.33:-2.22:-1.98:-1.65:-1.25:-1.22:-1.09:-0.78,1.4:1.44:0.09:1.61:4.53:0.08:1.49:1.61:4.76:0.09:1.63:0.21:0.17,0.7:0.43:4.38:0.6:0.43:3.93:0.3:2.31:2.13:3.68:4.64:3.87:4.49,0.092649855769102923:0.086561749639235616:0.85818886770185743:0.064844248241154756:0.00045394662376055232:0.8728961078091334:0.079511074815226859:0.064844248241154756:0.00030709457309461907:0.85818886770185743:0.062677562549068894:0.69988504248464434:0.74910972238207862,0.30438438818228331:0.48158587876654929:0.00058573340901363607:0.36076066394593914:0.48158587876654929:0.0012583041033225777:0.60063355213136327:0.019737576828023989:0.026799585700145474:0.0019243214558785581:0.00037655490253921044:0.0013933611429761846:0.00048587383450048564,0.6945
