id2,seq2,E,Etotal,ED1,ED2,Pu1,Pu2,subseqDB,hybridDB,E_hybrid,seedStart1,seedEnd1,seedStart2,seedEnd2,seedE,seedED1,seedED2,seedPu1,seedPu2,P_E
AU-173-174,UCCGUGUACCAAGCAAGGCUAGCUACAACGAUUCAUGCU,-15.2,-826.34,6.64,9.46,1.25861e-05,1.04429e-07,165AGCAUGAAAUUGCUUGGUACA&5UGUACCAAGCAAGGCUAGCUACAACGAUUCAUGCU,165|||||||..||||||||||||&5||||||||||||................|||||||,-31.3,166:167:165:180:176,170:171:169:184:180,34:33:35:6:10,38:37:39:10:14,-6.04:-3.59:-3.51:-2.11:-0.14,2.77:2.58:2.68:1.49:2.75,0:0:0:4.16:5.49,0.0090329277445750054:0.012475054838373295:0.010525570867359614:0.079511074815226859:0.0093451848666750263,1:1:1:0.00085124184476120617:8.8829143460398007e-05,0.663679
