id2,seq2,E,Etotal,ED1,ED2,Pu1,Pu2,subseqDB,hybridDB,E_hybrid,seedStart1,seedEnd1,seedStart2,seedEnd2,seedE,seedED1,seedED2,seedPu1,seedPu2,P_E
AU-563-564,CAUGCUGGACAAUAAAGGCUAGCUACAACGAUUUAACAA,-12.33,-822.72,3.64,8.69,0.00205966,3.86418e-07,554GUUGUUAAAAUUUAUUGUCCAG&5CUGGACAAUAAAGGCUAGCUAC,554||.||||...||||||||||||&5||||||||||||...||||.||,-24.66,566:567:564:565,570:571:568:569,10:9:12:11,14:13:16:15,-1.57:-0.79:-0.33:-0.26,0.7:0.69:0.53:0.62,1.86:1.86:0:0,0.30438438818228331:0.30960078570313582:0.40632817741889343:0.34870631849447964,0.042401327174030182:0.042401327174030182:1:1,1.23503
