id2,seq2,E,Etotal,ED1,ED2,Pu1,Pu2,subseqDB,hybridDB,E_hybrid,seedStart1,seedEnd1,seedStart2,seedEnd2,seedE,seedED1,seedED2,seedPu1,seedPu2,P_E
AU-145-146,GUUCACGGCAGCAGUAGGCUAGCUACAACGAACACCCCU,-29.07,-841.81,11.1,11.06,6.43509e-09,6.88769e-09,137AGGGGUGUAUACUGCUGCCGUGAAC&1GUUCACGGCAGCAGUAGGCUAGCUACAACGAACACCCCU,137||||||||.||||||||||||||||&1||||||||||||||||...............||||||||,-51.23,150:137:138:151:139:153:140:152:147:154:149:157:148:146:155,154:141:142:155:143:157:144:156:151:158:153:161:152:150:159,8:35:34:7:33:5:32:6:11:4:9:1:10:12:3,12:39:38:11:37:9:36:10:15:8:13:5:14:16:7,-5.44:-4.93:-4.68:-4.11:-3.74:-3.72:-3.55:-3.15:-2.6:-2.46:-1.94:-1.76:-1.67:-0.34:-0.04,1.47:5.49:5.49:1.57:4.21:2.32:2.37:2.82:1.02:2.35:0.96:1.72:1.14:0.99:2.3,4.26:0:0:4.37:1.98:2.39:1.98:3.59:5.09:4.56:4.25:3.33:5.08:4.26:4.51,0.082259674172926053:8.8829143460398007e-05:8.8829143460398007e-05:0.069404907733932319:0.00078190602993520695:0.019405022611149167:0.017824434130047861:0.0082971727892835589:0.17671466909165404:0.018440602736937574:0.19568191238988819:0.053789186434297774:0.14411740624890013:0.18595661965953542:0.020075830203790699,0.00071821779369944173:1:1:0.00059577143468540392:0.034579864395201117:0.017228853990765885:0.034579864395201117:0.0022423053109878908:0.00017528416712835472:0.00043138570463364657:0.00073052627489605991:0.0034879193578353585:0.00017828810534053856:0.00071821779369944173:0.00046963899619291519,0.855491
