id2,seq2,E,Etotal,ED1,ED2,Pu1,Pu2,subseqDB,hybridDB,E_hybrid,seedStart1,seedEnd1,seedStart2,seedEnd2,seedE,seedED1,seedED2,seedPu1,seedPu2,P_E
AU-432-433,AGUUUCACCACAAUGAGGCUAGCUACAACGACACACUUC,-23.38,-833.17,8.43,8.11,6.01076e-07,1.03533e-06,424GAAGUGUGAUCAUUGUGGUGAAACU&1AGUUUCACCACAAUGAGGCUAGCUACAACGACACACUUC,424||||||||.||||||||||||||||&1||||||||||||||||...............||||||||,-39.92,427:437:426:438:425:424:436:435,431:441:430:442:429:428:440:439,32:8:33:7:34:35:9:10,36:12:37:11:38:39:13:14,-5.68:-4.12:-3.64:-3.36:-2.95:-2.42:-1.87:-0.63,2.46:3.37:2.51:3.55:2.67:2.32:2.98:0.72,0.03:0:0.01:1.03:0.03:0.03:0:1.02,0.015296730943492121:0.0032587250105085737:0.014050773275094569:0.0024000122978008269:0.010705953186262159:0.019405022611149167:0.006322011018272602:0.29421378220476962,0.95030050242469288:1:0.9831512135571443:0.17373724137080884:0.95030050242469288:0.95030050242469288:1:0.17671466909165404,0.807476
