id2,seq2,E,Etotal,ED1,ED2,Pu1,Pu2,subseqDB,hybridDB,E_hybrid,seedStart1,seedEnd1,seedStart2,seedEnd2,seedE,seedED1,seedED2,seedPu1,seedPu2,P_E
AU-432-433,AGUUUCACCACAAUGAGGCUAGCUACAACGACACACUUC,-18.7,-828.49,6.72,0.11,1.09864e-05,0.829514,424GAAGUGUGAUCAUUGUGGU&22GCUACAACGACACACUUC,424||||||||.||.|||||||&22|||||||.||||||||||,-25.53,427:426:425:438:424:437:436,431:430:429:442:428:441:440,32:33:34:22:35:23:24,36:37:38:26:39:27:28,-5.68:-3.64:-2.95:-2.47:-2.42:-2.25:-0.1,2.46:2.51:2.67:3.55:2.32:3.37:2.98,0.03:0.01:0.03:0.07:0.03:0.04:0,0.015296730943492121:0.014050773275094569:0.010705953186262159:0.0024000122978008269:0.019405022611149167:0.0032587250105085737:0.006322011018272602,0.95030050242469288:0.9831512135571443:0.95030050242469288:0.8878553937302317:0.95030050242469288:0.93428909220280065:1,0.825231
