id2,seq2,E,Etotal,ED1,ED2,Pu1,Pu2,subseqDB,hybridDB,E_hybrid,seedStart1,seedEnd1,seedStart2,seedEnd2,seedE,seedED1,seedED2,seedPu1,seedPu2,P_E
AU-15-16,GAAGUUGUUAUCGACAGGCUAGCUACAACGAAGCGAGUG,-31.17,-843.14,1.45,10.29,0.0851033,2.54864e-08,7CACUCGCUAUGUCGAUAACAACUUC&1GAAGUUGUUAUCGACAGGCUAGCUACAACGAAGCGAGUG,7||||||||.||||||||||||||||&1||||||||||||||||...............||||||||,-42.91,9:7:10:8:17:16:27:24:25:18:19:20,13:11:14:12:21:20:31:28:29:22:23:24,33:35:32:34:11:12:1:4:3:10:9:8,37:39:36:38:15:16:5:8:7:14:13:12,-5.42:-4.11:-3.79:-3.66:-3.58:-3.33:-2.87:-2.25:-1.8:-1.39:-0.81:-0.01,0.65:0.35:0.77:0.68:0.62:0.78:0.14:0.15:0.15:0.57:0.4:0.51,3.97:2.36:3.56:3.97:4.05:4.06:2.84:3.76:3.76:3.94:3.19:2.62,0.33137578966396897:0.55171042058518638:0.27024932081491682:0.31490657940904898:0.34870631849447964:0.26569594772217947:0.78828720017586473:0.775005517484465:0.775005517484465:0.37962798401711656:0.50677220262199407:0.42037443915116202,0.0011756197984083094:0.018129900959545375:0.0023595750031349524:0.0011756197984083094:0.0010261939462939721:0.0010089038236439142:0.0080199336191963764:0.0016797327090099996:0.0016797327090099996:0.0012371032062055271:0.0044246809501121073:0.011655307660123937,0.985482
