id2,seq2,E,Etotal,ED1,ED2,Pu1,Pu2,subseqDB,hybridDB,E_hybrid,seedStart1,seedEnd1,seedStart2,seedEnd2,seedE,seedED1,seedED2,seedPu1,seedPu2,P_E
AU-230-231,UUCUUUGCCAAUUUAAGGCUAGCUACAACGAUUCAAAAG,-6.93,-18.15,5.61,5.61,7.24435e-05,7.24435e-05,3CUUUGCCAAUUUAAGGCUAGCUACAACGAUUCAAAAG&3CUUUGCCAAUUUAAGGCUAGCUACAACGAUUCAAAAG,3||||...||||...||||||||.....||||..||||&3||||...||||...||||||||.....||||..||||,-18.15,17:20:18:19,21:24:22:23,20:17:19:18,24:21:23:22,-1.44:-1.44:-0.84:-0.84,4.57:0.32:3.3:3.08,0.32:4.57:3.08:3.3,0.0004241173790217729:0.58056416804736677:0.0036703330672097183:0.0053340667323057266,0.58056416804736677:0.0004241173790217729:0.0053340667323057266:0.0036703330672097183,0.483265
