id2,seq2,E,Etotal,ED1,ED2,Pu1,Pu2,subseqDB,hybridDB,E_hybrid,seedStart1,seedEnd1,seedStart2,seedEnd2,seedE,seedED1,seedED2,seedPu1,seedPu2,P_E
AU-364-365,CAACUGGAUAGACAGAGGCUAGCUACAACGACGAAUUCU,-14.71,-25.03,0.86,0.86,0.231925,0.231925,17GGCUAGCU&17GGCUAGCU,17||||||||&17||||||||,-16.43,18:19:17:20,22:23:21:24,19:18:20:17,23:22:24:21,-6.77:-6.77:-5.93:-5.93,0.23:0.38:0.78:0.37,0.38:0.23:0.37:0.78,0.67649929974279277:0.52429068987504124:0.26569594772217947:0.53327573891517921,0.52429068987504124:0.67649929974279277:0.53327573891517921:0.26569594772217947,0.940508
AU-364-365,CAACUGGAUAGACAGAGGCUAGCUACAACGACGAAUUCU,-8.18,-18.5,0.13,0.13,0.801796,0.801796,33GAAUUC&33GAAUUC,33||||||&33||||||,-8.44,33:34,37:38,34:33,38:37,-4.02:-4.02,0.12:0.11,0.11:0.12,0.81553731215235337:0.82951360981557831,0.82951360981557831:0.81553731215235337,1.42702e-05
