id2,seq2,E,Etotal,ED1,ED2,Pu1,Pu2,subseqDB,hybridDB,E_hybrid,seedStart1,seedEnd1,seedStart2,seedEnd2,seedE,seedED1,seedED2,seedPu1,seedPu2,P_E
AU-268-269,AUACAAAAUUUGGACAGGCUAGCUACAACGAUCCCCAUU,-16.66,-822.07,8.25,3.73,8.16138e-07,0.00176758,260AAUGGGGAAUGUCCAAAUUUU&5AAAAUUUGGACAGGCUAGCUACAACGAUCCCCAUU,260||||||||.||||||||||||&5||||||||||||...............||||||||,-28.64,263:262:270:269:261:271:272:260:273,267:266:274:273:265:275:276:264:277,32:33:11:12:34:10:9:35:8,36:37:15:16:38:14:13:39:12,-6.22:-5.39:-5.06:-4.57:-3.27:-2.61:-2.45:-1.76:-0.12,3.46:3.45:1.71:1.91:2.56:1.34:1.26:2.15:0.64,1.93:1.91:2.08:2.11:1.88:2.09:2.09:0.35:2.02,0.0027966015269200771:0.0028445283780932106:0.054711000396045734:0.03894763115637271:0.012906302029984001:0.10259420484296183:0.11753312212659672:0.025904112617099045:0.33705475322053108,0.037646247032782944:0.03894763115637271:0.029176049162989943:0.027726014178356899:0.040984542317927614:0.028684468141396482:0.028684468141396482:0.55171042058518638:0.032307590114288395,0.544822
