id2,seq2,E,Etotal,ED1,ED2,Pu1,Pu2,subseqDB,hybridDB,E_hybrid,seedStart1,seedEnd1,seedStart2,seedEnd2,seedE,seedED1,seedED2,seedPu1,seedPu2,P_E
AU-372-373,UGGUGACGCAACUGGAGGCUAGCUACAACGAAGACAGAU,-24.41,-831.77,6.67,5.68,1.19606e-05,6.43193e-05,364AUCUGUCUAUCCAGUUGCGUC&5GACGCAACUGGAGGCUAGCUACAACGAAGACAGAU,364||||||||.||||||||||||&5||||||||||||...............||||||||,-36.76,366:380:367:364:365:373:374:379:377:378:375:376,370:384:371:368:369:377:378:383:381:382:379:380,33:5:32:35:34:12:11:6:8:7:10:9,37:9:36:39:38:16:15:10:12:11:14:13,-6.97:-5.62:-5.03:-4.81:-4.66:-4.24:-3.82:-3.22:-2.92:-1.96:-0.75:-0.74,1.63:2.74:1.61:0.21:1.29:3.85:4.08:2.61:1.72:2.33:4.47:2.76,0.1:1.37:0.06:0.07:0.07:0.14:0.14:1.37:1.63:2.22:0.12:1.66,0.062677562549068894:0.0095053382814462104:0.064844248241154756:0.69988504248464434:0.11169178500844767:0.0014415279115870653:0.00097519262274833971:0.011855050880681737:0.053789186434297774:0.019078071529255121:0.0005026698910565614:0.0091877298425874169,0.84372942674231266:0.09749532440812847:0.90307104490862367:0.8878553937302317:0.8878553937302317:0.78828720017586473:0.78828720017586473:0.09749532440812847:0.062677562549068894:0.022999106106886717:0.81553731215235337:0.059562519181135275,0.863052
