id2,seq2,E,Etotal,ED1,ED2,Pu1,Pu2,subseqDB,hybridDB,E_hybrid,seedStart1,seedEnd1,seedStart2,seedEnd2,seedE,seedED1,seedED2,seedPu1,seedPu2,P_E
AU-350-351,GAUCGAAUUCUACCCAGGCUAGCUACAACGAAAAGCCAU,-16.92,-825.51,5.19,0.81,0.000147892,0.252491,351UGGGUAGAAUUC&5GAAUUCUACCCA,351||||||||||||&5||||||||||||,-22.92,352:351:353:354:358:356:357:355,356:355:357:358:362:360:361:359,11:12:10:9:5:7:6:8,15:16:14:13:9:11:10:12,-3.93:-3.35:-3.07:-1.59:-1.53:-1.15:-0.66:-0.33,4.76:4.53:4.82:3.18:1.35:2.22:2.1:2.29,0:0:0.8:0.79:0.79:0.79:0.79:0.79,0.00030709457309461907:0.00045394662376055232:0.00027732821701032521:0.004500509066253551:0.10086561699528819:0.022999106106886717:0.028201169663455181:0.020419880407973292,1:1:0.2568180653503474:0.26121929344027633:0.26121929344027633:0.26121929344027633:0.26121929344027633:0.26121929344027633,0.554435
