id2,seq2,E,Etotal,ED1,ED2,Pu1,Pu2,subseqDB,hybridDB,E_hybrid,seedStart1,seedEnd1,seedStart2,seedEnd2,seedE,seedED1,seedED2,seedPu1,seedPu2,P_E
AU-342-343,UCUACCCAUAAAGCCAGGCUAGCUACAACGACAAGCUUU,-25.28,-832.7,10.31,5.74,2.46348e-08,5.80849e-05,334AAAGCUUGAUGGCUUUAUGGGUAGA&1UCUACCCAUAAAGCCAGGCUAGCUACAACGACAAGCUUU,334||||||||.||||||||||||||||&1||||||||||||||||...............||||||||,-41.33,344:343:352:351:353:345:350:354:337:335:336:334:349:346,348:347:356:355:357:349:354:358:341:339:340:338:353:350,11:12:3:4:2:10:5:1:32:34:33:35:6:9,15:16:7:8:6:14:9:5:36:38:37:39:10:13,-5.19:-4.62:-4.34:-3.96:-3.85:-3.61:-3.54:-2.42:-2.26:-1.62:-1.26:-0.93:-0.83:-0.7,2.04:2.43:4.76:4.53:4.82:1.99:4.34:3.18:2.84:1.96:2.4:1.7:5.1:1.68,0.21:0.82:0.06:0.02:0.06:0.21:0.02:0.05:2.34:2.34:2.34:2.34:0.06:0.22,0.031228074272172782:0.016096730354727251:0.00030709457309461907:0.00045394662376055232:0.00027732821701032521:0.033997235644783463:0.00062692951667950563:0.004500509066253551:0.0080199336191963764:0.035775247469657739:0.01693856870922034:0.055648611975054774:0.00017233084162959517:0.05757231555329137,0.69988504248464434:0.24823682579931786:0.90307104490862367:0.96658630871888551:0.90307104490862367:0.69988504248464434:0.96658630871888551:0.9185474548123862:0.018756629176317187:0.018756629176317187:0.018756629176317187:0.018756629176317187:0.90307104490862367:0.68809282886927159,0.591987
