id2,seq2,E,Etotal,ED1,ED2,Pu1,Pu2,subseqDB,hybridDB,E_hybrid,seedStart1,seedEnd1,seedStart2,seedEnd2,seedE,seedED1,seedED2,seedPu1,seedPu2,P_E
AU-42-43,CUCAAGAGGGUAGCCAGGCUAGCUACAACGACAGGGCCA,-26.77,-838.53,15.87,10.08,1.94289e-12,3.64152e-08,34UGGCCCUGAUGGCUACCCUCUUGAG&1CUCAAGAGGGUAGCCAGGCUAGCUACAACGACAGGGCCA,34||||||||.||||||||||||||||&1||||||||||||||||...............||||||||,-52.72,35:36:37:44:34:43:50:49:52:51:53:45,39:40:41:48:38:47:54:53:56:55:57:49,34:33:32:11:35:12:5:6:3:4:2:10,38:37:36:15:39:16:9:10:7:8:6:14,-8.7:-7.7:-6.32:-5.09:-4.87:-4.79:-2.87:-2.12:-1.07:-0.93:-0.86:-0.59,2.05:2.06:1.89:1.96:3.9:2:3.58:5.79:3.04:2.39:4.07:4.25,1.51:1.5:1.48:1.46:1.32:1.46:1.24:2.78:0.34:1.17:0.37:2.67,0.030701919117739323:0.030184629039138693:0.040294002516954676:0.035775247469657739:0.0013241117942293134:0.033424423481757073:0.0022807328924255646:5.3353763969405298e-05:0.005709225096195268:0.017228853990765885:0.00099190501857795597:0.00073052627489605991,0.07685431630792125:0.078171409695823146:0.080873698489927537:0.083669402060037049:0.10614075941023858:0.083669402060037049:0.12159609655797346:0.0088807338740529203:0.56116537616735496:0.13695484356647333:0.53327573891517921:0.010705953186262159,0.615612
