id2,seq2,E,Etotal,ED1,ED2,Pu1,Pu2,subseqDB,hybridDB,E_hybrid,seedStart1,seedEnd1,seedStart2,seedEnd2,seedE,seedED1,seedED2,seedPu1,seedPu2,P_E
AU-125-126,CCCCUCUUAGUGUCAAGGCUAGCUACAACGAAAAGUCCA,-21.03,-827.28,2.96,4.57,0.00654056,0.000424117,117UGGACUUUAUUGACACUAAGA&5UCUUAGUGUCAAGGCUAGCUACAACGAAAAGUCCA,117|||||||..||||||||||||&5||||||||||||................|||||||,-28.56,118:128:117:126:127:129:130:119:132:131:133,122:132:121:130:131:133:134:123:136:135:137,34:10:35:12:11:9:8:33:6:7:5,38:14:39:16:15:13:12:37:10:11:9,-6.98:-6.92:-5.78:-5.08:-4.57:-4.3:-4.22:-4.04:-2.86:-1.38:-0.68,1.64:0.22:1.7:0.2:0.2:0.41:0.58:1.54:1.21:0.64:1.47,0.65:1.56:0.65:0.05:1.55:1.56:1.66:0.64:1.6:1.6:1.5,0.061621521682920885:0.68809282886927159:0.055648611975054774:0.71187934555091148:0.71187934555091148:0.49823370600484052:0.3732317131866803:0.073034695400923846:0.12795541646849698:0.33705475322053108:0.082259674172926053,0.33137578966396897:0.070594336635987118:0.33137578966396897:0.9185474548123862:0.07180414941519464:0.070594336635987118:0.059562519181135275:0.33705475322053108:0.065955518690295312:0.065955518690295312:0.078171409695823146,0.539925
