id2,seq2,E,Etotal,ED1,ED2,Pu1,Pu2,subseqDB,hybridDB,E_hybrid,seedStart1,seedEnd1,seedStart2,seedEnd2,seedE,seedED1,seedED2,seedPu1,seedPu2,P_E
AU-173-174,UCCGUGUACCAAGCAAGGCUAGCUACAACGAUUCAUGCU,-27.45,-838.59,6.73,9.46,1.08013e-05,1.04429e-07,165AGCAUGAAAUUGCUUGGUACACGGA&1UCCGUGUACCAAGCAAGGCUAGCUACAACGAUUCAUGCU,165|||||||..||||||||||||||||&1||||||||||||||||................|||||||,-43.64,166:184:167:165:185:180:183:182:176,170:188:171:169:189:184:187:186:180,34:2:33:35:1:6:3:4:10,38:6:37:39:5:10:7:8:14,-6.04:-4.42:-3.59:-3.51:-2.69:-2.11:-2.08:-0.44:-0.14,2.77:1.36:2.58:2.68:1.31:1.49:1.43:1.6:2.75,0:4.53:0:0:3.86:4.16:4.54:4.53:5.49,0.0090329277445750054:0.099166153755107664:0.012475054838373295:0.010525570867359614:0.10795975018553876:0.079511074815226859:0.088045204486953854:0.065955518690295312:0.0093451848666750263,1:0.00045394662376055232:1:1:0.0014172399156533186:0.00085124184476120617:0.00044629817404035562:0.00045394662376055232:8.8829143460398007e-05,0.77604
