id2,seq2,E,Etotal,ED1,ED2,Pu1,Pu2,subseqDB,hybridDB,E_hybrid,seedStart1,seedEnd1,seedStart2,seedEnd2,seedE,seedED1,seedED2,seedPu1,seedPu2,P_E
AU-567-568,GUGACAUGCUGGACAAGGCUAGCUACAACGAAAAUUUUA,-12.43,-823.9,3.57,9.23,0.00231982,1.54367e-07,568UUGUCCAGCAUG&5CAUGCUGGACAA,568||||||||||||&5||||||||||||,-25.23,569:570:568,573:574:572,11:10:12,15:14:16,-3.12:-1.46:-1.32,1.87:2.01:0.52,2.83:5.09:2.74,0.041686916267581295:0.032861262508537388:0.41329163999986884,0.0081573754968774451:0.00017528416712835472:0.0095053382814462104,0.513483
