id2,seq2,E,Etotal,ED1,ED2,Pu1,Pu2,subseqDB,hybridDB,E_hybrid,seedStart1,seedEnd1,seedStart2,seedEnd2,seedE,seedED1,seedED2,seedPu1,seedPu2,P_E
AU-342-343,UCUACCCAUAAAGCCAGGCUAGCUACAACGACAAGCUUU,-10.05,-21.53,3.19,3.19,0.00442468,0.00442468,17GGCUAGCU&17GGCUAGCU,17||||||||&17||||||||,-16.43,18:19:17:20,22:23:21:24,19:18:20:17,23:22:24:21,-4.27:-4.27:-2.36:-2.36,1.76:1.76:2.6:1.62,1.76:1.76:1.62:2.6,0.050254650164027262:0.050254650164027262:0.01205821720728892:0.063751701350492018,0.050254650164027262:0.050254650164027262:0.063751701350492018:0.01205821720728892,0.854043
