id2,seq2,E,Etotal,ED1,ED2,Pu1,Pu2,subseqDB,hybridDB,E_hybrid,seedStart1,seedEnd1,seedStart2,seedEnd2,seedE,seedED1,seedED2,seedPu1,seedPu2,P_E
AU-21-22,GCCACAGAAGUUGUUAGGCUAGCUACAACGACGACAUAG,-13.29,-32.13,9.42,9.42,1.11774e-07,1.11774e-07,7GAAGUUGUUAGGCUAGCUACAACGACGAC&7GAAGUUGUUAGGCUAGCUACAACGACGAC,7|..||||||.||||||||..||||||..|&7|..||||||.||||||||..||||||..|,-32.13,18:19:17:20,22:23:21:24,19:18:20:17,23:22:24:21,-6.49:-6.49:-4.18:-4.18,0.01:0.48:2.48:0.47,0.48:0.01:0.47:2.48,0.9831512135571443:0.44235948321460022:0.014785610698136007:0.44994043349048735,0.44235948321460022:0.9831512135571443:0.44994043349048735:0.014785610698136007,31.0513
