id2,seq2,E,Etotal,ED1,ED2,Pu1,Pu2,subseqDB,hybridDB,E_hybrid,seedStart1,seedEnd1,seedStart2,seedEnd2,seedE,seedED1,seedED2,seedPu1,seedPu2,P_E
AU-504-505,ACCUUCUUUAGUCAAAGGCUAGCUACAACGAUCUCAGUG,-7.47,-18.17,4.44,4.44,0.000528959,0.000528959,17GGCUAGCU&17GGCUAGCU,17||||||||&17||||||||,-16.35,18:19:17:20,22:23:21:24,19:18:20:17,23:22:24:21,-1.86:-1.86:-1.49:-1.49,2.97:1.77:3.14:1.77,1.77:2.97:1.77:3.14,0.0064303546912167255:0.049407920295653149:0.0048170412175556577:0.049407920295653149,0.049407920295653149:0.0064303546912167255:0.049407920295653149:0.0048170412175556577,0.613291
