id2,seq2,E,Etotal,ED1,ED2,Pu1,Pu2,subseqDB,hybridDB,E_hybrid,seedStart1,seedEnd1,seedStart2,seedEnd2,seedE,seedED1,seedED2,seedPu1,seedPu2,P_E
AU-422-423,CAAUGAUCACACUUCAGGCUAGCUACAACGAGAGAGUUG,-12.49,-26.59,1.1,1.1,0.154254,0.154254,17GGCUAGCU&17GGCUAGCU,17||||||||&17||||||||,-14.69,18:19:17:20,22:23:21:24,19:18:20:17,23:22:24:21,-6.27:-6.27:-4.18:-4.18,0.91:1.04:1.1:1.03,1.04:0.91:1.03:1.1,0.21303408045461983:0.1708099796937812:0.15425354684288375:0.17373724137080884,0.1708099796937812:0.21303408045461983:0.17373724137080884:0.15425354684288375,0.660041
AU-422-423,CAAUGAUCACACUUCAGGCUAGCUACAACGAGAGAGUUG,-5.66,-19.76,1.19,1.19,0.132379,0.132379,4UGAUCA&4UGAUCA,4||||||&4||||||,-8.04,4:5,8:9,5:4,9:8,-4.87:-4.87,1.19:1.19,1.19:1.19,0.13237867670408987:0.13237867670408987,0.13237867670408987:0.13237867670408987,6.01519e-06
