id2,seq2,E,Etotal,ED1,ED2,Pu1,Pu2,subseqDB,hybridDB,E_hybrid,seedStart1,seedEnd1,seedStart2,seedEnd2,seedE,seedED1,seedED2,seedPu1,seedPu2,P_E
AU-21-22,GCCACAGAAGUUGUUAGGCUAGCUACAACGACGACAUAG,-26.47,-837.57,5.99,9.42,3.79814e-05,1.11774e-07,13CUAUGUCGAUAACAACUUCUGUGGC&1GCCACAGAAGUUGUUAGGCUAGCUACAACGACGACAUAG,13||||||||.||||||||||||||||&1||||||||||||||||...............||||||||,-41.88,33:16:15:13:32:31:30:14:29:24:28:27:25,37:20:19:17:36:35:34:18:33:28:32:31:29,1:32:33:35:2:3:4:34:5:10:6:7:9,5:36:37:39:6:7:8:38:9:14:10:11:13,-7.02:-5.42:-4.69:-4.39:-4.02:-3.95:-3.53:-3.23:-2.92:-1.03:-0.92:-0.88:-0.81,4.01:0.78:0.61:0.47:3.98:2.76:1.47:0.44:0.65:0.15:0.21:0.14:0.15,0.02:1.64:0.5:0.48:0.02:0.99:0.99:0.48:0.99:4.97:4.45:3.78:4.91,0.0010983687542305404:0.26569594772217947:0.35468228456213113:0.44994043349048735:0.0011558120314869354:0.0091877298425874169:0.082259674172926053:0.47347174114131668:0.33137578966396897:0.775005517484465:0.69988504248464434:0.78828720017586473:0.775005517484465,0.96658630871888551:0.061621521682920885:0.42757862000719421:0.44235948321460022:0.96658630871888551:0.18595661965953542:0.18595661965953542:0.44235948321460022:0.18595661965953542:0.00021493089833713103:0.00052004656648075231:0.0016236066388363496:0.00023799998853786604,0.978977
