id2,seq2,E,Etotal,ED1,ED2,Pu1,Pu2,subseqDB,hybridDB,E_hybrid,seedStart1,seedEnd1,seedStart2,seedEnd2,seedE,seedED1,seedED2,seedPu1,seedPu2,P_E
AU-451-452,AAUCGCCCGUCUGCCAGGCUAGCUACAACGAGAAGUUUC,-26.13,-835.4,6.17,7.59,2.79729e-05,2.50509e-06,443GAAACUUCAUGGCAGACGGGC&5GCCCGUCUGCCAGGCUAGCUACAACGAGAAGUUUC,443||||||||.||||||||||||&5||||||||||||...............||||||||,-39.89,459:453:455:457:454:452:456:458:446:443,463:457:459:461:458:456:460:462:450:447,5:11:9:7:10:12:8:6:32:35,9:15:13:11:14:16:12:10:36:39,-6.12:-6.01:-4.56:-4.32:-4.28:-3.68:-3.54:-3.24:-2.8:-0.72,1.65:3.27:1.66:1.4:2.19:2.76:1.33:2.14:2.31:2.86,4.26:1.34:1.34:3.45:0.78:0.92:1.52:4.07:1.29:1.27,0.060583273823801555:0.0038622867796500792:0.059562519181135275:0.092649855769102923:0.02420192986134858:0.0091877298425874169:0.10435241642205295:0.026348045203926702:0.019737576828023989:0.0077519580331495185,0.00071821779369944173:0.10259420484296183:0.10259420484296183:0.0028445283780932106:0.26569594772217947:0.20944471472798976:0.0755594143452374:0.00099190501857795597:0.11169178500844767:0.11555283165192362,0.997874
