id2,seq2,E,Etotal,ED1,ED2,Pu1,Pu2,subseqDB,hybridDB,E_hybrid,seedStart1,seedEnd1,seedStart2,seedEnd2,seedE,seedED1,seedED2,seedPu1,seedPu2,P_E
AU-372-373,UGGUGACGCAACUGGAGGCUAGCUACAACGAAGACAGAU,-34.15,-841.51,6.78,5.68,9.92149e-06,6.43193e-05,364AUCUGUCUAUCCAGUUGCGUCACCA&1UGGUGACGCAACUGGAGGCUAGCUACAACGAAGACAGAU,364||||||||.||||||||||||||||&1||||||||||||||||...............||||||||,-46.61,366:380:367:364:383:365:384:373:374:382:379:377:381:378:375:376,370:384:371:368:387:369:388:377:378:386:383:381:385:382:379:380,33:5:32:35:2:34:1:12:11:3:6:8:4:7:10:9,37:9:36:39:6:38:5:16:15:7:10:12:8:11:14:13,-6.97:-5.62:-5.03:-4.81:-4.69:-4.66:-4.35:-4.24:-3.82:-3.54:-3.22:-2.92:-2.4:-1.96:-0.75:-0.74,1.63:2.74:1.61:0.21:1.96:1.29:1.53:3.85:4.08:1.97:2.61:1.72:2.49:2.33:4.47:2.76,0.1:1.37:0.06:0.07:2.36:0.07:2.36:0.14:0.14:1.93:1.37:1.63:2.01:2.22:0.12:1.66,0.062677562549068894:0.0095053382814462104:0.064844248241154756:0.69988504248464434:0.035775247469657739:0.11169178500844767:0.074286329909187265:0.0014415279115870653:0.00097519262274833971:0.035172477965101166:0.011855050880681737:0.053789186434297774:0.014536491101055905:0.019078071529255121:0.0005026698910565614:0.0091877298425874169,0.84372942674231266:0.09749532440812847:0.90307104490862367:0.8878553937302317:0.018129900959545375:0.8878553937302317:0.018129900959545375:0.78828720017586473:0.78828720017586473:0.037646247032782944:0.09749532440812847:0.062677562549068894:0.032861262508537388:0.022999106106886717:0.81553731215235337:0.059562519181135275,0.727088
