id2,seq2,E,Etotal,ED1,ED2,Pu1,Pu2,subseqDB,hybridDB,E_hybrid,seedStart1,seedEnd1,seedStart2,seedEnd2,seedE,seedED1,seedED2,seedPu1,seedPu2,P_E
AU-97-98,GUUCGGACAAAGUGCAGGCUAGCUACAACGAGAAGCUUU,-17.73,-827.6,7.19,4.03,4.94322e-06,0.00106167,91AGCUUCAUGCACUUUGUCC&5GGACAAAGUGCAGGCU,91||||...||||||||||||&5||||||||||||||||,-28.95,99:98:105:100:104,103:102:109:104:108,11:12:5:10:6,15:16:9:14:10,-3.96:-3.31:-3.16:-1.53:-1.41,1.65:1.72:3.59:1.56:3.64,2.77:3.14:1.18:2.53:1.09,0.060583273823801555:0.053789186434297774:0.0022423053109878908:0.070594336635987118:0.0020596638363202233,0.0090329277445750054:0.0048170412175556577:0.13464732065490712:0.013581285074619616:0.15689707210427808,1.388
