id2,seq2,E,Etotal,ED1,ED2,Pu1,Pu2,subseqDB,hybridDB,E_hybrid,seedStart1,seedEnd1,seedStart2,seedEnd2,seedE,seedED1,seedED2,seedPu1,seedPu2,P_E
AU-567-568,GUGACAUGCUGGACAAGGCUAGCUACAACGAAAAUUUUA,-23.28,-834.75,3.69,9.38,0.0018919,1.19635e-07,568UUGUCCAGCAUGUCAC&1GUGACAUGCUGGACAA,568||||||||||||||||&1||||||||||||||||,-36.35,579:569:578:577:570:568,583:573:582:581:574:572,1:11:2:3:10:12,5:15:6:7:14:16,-6.42:-3.12:-2.73:-2.7:-1.46:-1.32,0.77:1.87:1.72:2.04:2.01:0.52,1.51:2.83:1.49:0.09:5.09:2.74,0.27024932081491682:0.041686916267581295:0.053789186434297774:0.031228074272172782:0.032861262508537388:0.41329163999986884,0.07685431630792125:0.0081573754968774451:0.079511074815226859:0.85818886770185743:0.00017528416712835472:0.0095053382814462104,0.477929
AU-567-568,GUGACAUGCUGGACAAGGCUAGCUACAACGAAAAUUUUA,-5.59,-817.06,2.83,1.53,0.00815738,0.0742863,1432UGAAAUUGUCGGUG&26CAACGAAAAUUUUA,1432|||||||.|||.||&26||.|||.|||||||,-9.95,1433,1437,34,38,-0.53,1.41,0.01,0.091088818135287936,0.9831512135571443,4.21414e-14
