id2,seq2,E,Etotal,ED1,ED2,Pu1,Pu2,subseqDB,hybridDB,E_hybrid,seedStart1,seedEnd1,seedStart2,seedEnd2,seedE,seedED1,seedED2,seedPu1,seedPu2,P_E
AU-268-269,AUACAAAAUUUGGACAGGCUAGCUACAACGAUCCCCAUU,-12.39,-19.85,2,2,0.0334244,0.0334244,17GGCUAGCU&17GGCUAGCU,17||||||||&17||||||||,-16.39,18:19:17:20,22:23:21:24,19:18:20:17,23:22:24:21,-7.25:-7.25:-4.92:-4.92,0.22:0.22:1.83:0.22,0.22:0.22:0.22:1.83,0.68809282886927159:0.68809282886927159:0.04461886220815748:0.68809282886927159,0.68809282886927159:0.68809282886927159:0.68809282886927159:0.04461886220815748,0.663359
