id2,seq2,E,Etotal,ED1,ED2,Pu1,Pu2,subseqDB,hybridDB,E_hybrid,seedStart1,seedEnd1,seedStart2,seedEnd2,seedE,seedED1,seedED2,seedPu1,seedPu2,P_E
AU-390-391,CAUUUGGUUGCAUUCAGGCUAGCUACAACGAUUGGUGAC,-19.68,-829.23,5.79,7.87,5.33538e-05,1.55665e-06,382GUCACCAAAUGAAUGCAACCA&5UGGUUGCAUUCAGGCUAGCUACAACGAUUGGUGAC,382|||||||..||||||||||||&5||||||||||||................|||||||,-33.34,383:384:382:392:396:391:394:393:397:395,387:388:386:396:400:395:398:397:401:399,34:33:35:11:7:12:9:10:6:8,38:37:39:15:11:16:13:14:10:12,-5.99:-5.47:-4.37:-1.9:-1.9:-1.74:-1.07:-0.98:-0.59:-0.57,1.96:1.53:1.97:1.7:1.8:1.65:1.82:1.66:3.1:1.86,1.11:1.11:0.74:1.67:3.93:0.03:2.94:2.48:4.28:2.97,0.035775247469657739:0.074286329909187265:0.035172477965101166:0.055648611975054774:0.046952371480718354:0.060583273823801555:0.045383519435145431:0.059562519181135275:0.0051558358732395962:0.042401327174030182,0.15165456177407496:0.15165456177407496:0.28438301371553037:0.058558963015453831:0.0012583041033225777:0.95030050242469288:0.0067666539950359582:0.014785610698136007:0.00069421948606816493:0.0064303546912167255,0.859564
