id2,seq2,E,Etotal,ED1,ED2,Pu1,Pu2,subseqDB,hybridDB,E_hybrid,seedStart1,seedEnd1,seedStart2,seedEnd2,seedE,seedED1,seedED2,seedPu1,seedPu2,P_E
AU-359-360,GGAUAGACAGAUCGAAGGCUAGCUACAACGAUCUACCCA,-17.16,-829.44,6.37,9.75,1.99133e-05,6.37987e-08,351UGGGUAGAAUUCGAUCUGUCU&5AGACAGAUCGAAGGCUAGCUA,351|||.|||..||||||||||||&5||||||||||||..|||.|||,-33.28,362:363:367:361:366:364:360,366:367:371:365:370:368:364,10:9:5:11:6:8:12,14:13:9:15:10:12:16,-4.13:-2.33:-1.98:-1.25:-1.22:-1.09:-0.78,0.09:0.08:1.61:0.09:1.63:0.21:0.17,4.38:3.93:2.31:3.68:4.64:3.87:4.49,0.85818886770185743:0.8728961078091334:0.064844248241154756:0.85818886770185743:0.062677562549068894:0.69988504248464434:0.74910972238207862,0.00058573340901363607:0.0012583041033225777:0.019737576828023989:0.0019243214558785581:0.00037655490253921044:0.0013933611429761846:0.00048587383450048564,0.633182
