id2,seq2,E,Etotal,ED1,ED2,Pu1,Pu2,subseqDB,hybridDB,E_hybrid,seedStart1,seedEnd1,seedStart2,seedEnd2,seedE,seedED1,seedED2,seedPu1,seedPu2,P_E
AU-207-208,AGGUGUCUGCAAUUCAGGCUAGCUACAACGAAGCUCUUU,-26.74,-838.37,4.57,6.36,0.000424117,2.02546e-05,203AGCUAUGAAUUGCAGACACCU&1AGGUGUCUGCAAUUCAGGCU,203||||.||||||||||||||||&1||||||||||||||||||||,-37.67,218:217:219:215:214:213:211:210,222:221:223:219:218:217:215:214,2:3:1:5:6:7:9:10,6:7:5:9:10:11:13:14,-2.4:-2.28:-2.15:-1.93:-1.89:-1.59:-0.61:-0.06,1.19:1.43:0.96:1.57:1.59:1.88:1.66:1.49,4.32:4.81:4:5.11:5.11:4.83:2.88:0,0.13237867670408987:0.088045204486953854:0.19568191238988819:0.069404907733932319:0.067085833573516482:0.040984542317927614:0.059562519181135275:0.079511074815226859,0.00064860169342812087:0.00028208093850275862:0.0011171920850878334:0.00016942727608146047:0.00016942727608146047:0.00027265557310734019:0.0074929365006057066:1,4.02194
AU-207-208,AGGUGUCUGCAAUUCAGGCUAGCUACAACGAAGCUCUUU,-9.33,-820.96,3.69,1.78,0.0018919,0.0485755,1820GGGCUUAUGUUG&26CAACGAAGCUC,1820||||||.|||||&26|||||||||||,-14.8,1820:1821:1827,1824:1825:1831,32:31:26,36:35:30,-3.47:-2.73:-1.39,2.24:2.04:2.87,1.77:1.76:0,0.022230621075689613:0.031228074272172782:0.0076213469477350001,0.049407920295653149:0.050254650164027262:1,5.70706e-13
