id2,seq2,E,Etotal,ED1,ED2,Pu1,Pu2,subseqDB,hybridDB,E_hybrid,seedStart1,seedEnd1,seedStart2,seedEnd2,seedE,seedED1,seedED2,seedPu1,seedPu2,P_E
AU-62-63,GCUAGAAGGUCUUUAAGGCUAGCUACAACGAGCACUCAA,-12.84,-824.24,4.39,5.63,0.000575865,7.00229e-05,60GCAUUAAAGACCUUC&5GAAGGUCUUUAAGGC,60||.||||||||||||&5||||||||||||.||,-22.86,68:67:70:66:69,72:71:74:70:73,7:8:5:9:6,11:12:9:13:10,-4.72:-4.36:-2.18:-2.16:-1.83,1.31:1.3:1.87:1.39:0.29,2.64:2.43:3.85:2.69:2.65,0.10795975018553876:0.10980991397541899:0.041686916267581295:0.094237645737003217:0.61092692949867611,0.011265860808182149:0.016096730354727251:0.0014415279115870653:0.010348227771626334:0.011076044725330155,175.752
