id2,seq2,E,Etotal,ED1,ED2,Pu1,Pu2,subseqDB,hybridDB,E_hybrid,seedStart1,seedEnd1,seedStart2,seedEnd2,seedE,seedED1,seedED2,seedPu1,seedPu2,P_E
AU-230-231,UUCUUUGCCAAUUUAAGGCUAGCUACAACGAUUCAAAAG,-20.13,-827.42,4.44,5.61,0.000528959,7.24435e-05,222CUUUUGAAAUUAAAUUGGCAAAGAA&1UUCUUUGCCAAUUUAAGGCUAGCUACAACGAUUCAAAAG,222|||||||..||||||||||||||||&1||||||||||||||||................|||||||,-30.18,237:236:238:242:224:241:223:232:239:240:235:222,241:240:242:246:228:245:227:236:243:244:239:226,6:7:5:1:33:2:34:11:4:3:8:35,10:11:9:5:37:6:38:15:8:7:12:39,-2.65:-2.57:-2.51:-2.12:-1.97:-1.76:-1.53:-0.84:-0.79:-0.64:-0.53:-0.18,1.24:1.21:0.33:1.45:1.73:0.36:1.94:0.6:0.34:0.36:1.08:1.84,4.64:4.33:4.81:0.28:0.01:0.28:0.01:0:4.82:4.14:3.71:0.01,0.12159609655797346:0.12795541646849698:0.5707823663635625:0.08510328920544416:0.052882903919131342:0.54241476953044854:0.037011953456152595:0.36076066394593914:0.56116537616735496:0.54241476953044854:0.15958590086728167:0.043867088527489016,0.00037655490253921044:0.00063767354200907559:0.00028208093850275862:0.62139670996110385:0.9831512135571443:0.62139670996110385:0.9831512135571443:1:0.00027732821701032521:0.00088066822081252476:0.0018286836463480114:0.9831512135571443,0.847013
