id2,seq2,E,Etotal,ED1,ED2,Pu1,Pu2,subseqDB,hybridDB,E_hybrid,seedStart1,seedEnd1,seedStart2,seedEnd2,seedE,seedED1,seedED2,seedPu1,seedPu2,P_E
AU-97-98,GUUCGGACAAAGUGCAGGCUAGCUACAACGAGAAGCUUU,-27.53,-837.4,7.35,4.03,3.76647e-06,0.00106167,91AGCUUCAUGCACUUUGUCCGAAC&1GUUCGGACAAAGUGCAGGCU,91||||...||||||||||||||||&1||||||||||||||||||||,-38.91,106:99:98:105:109:107:108:100:104,110:103:102:109:113:111:112:104:108,4:11:12:5:1:3:2:10:6,8:15:16:9:5:7:6:14:10,-4.82:-3.96:-3.31:-3.16:-2.84:-2.38:-1.99:-1.53:-1.41,3.69:1.65:1.72:3.59:2.63:3.23:3.05:1.56:3.64,2.31:2.77:3.14:1.18:2.34:2.28:2.33:2.53:1.09,0.0018918989746210561:0.060583273823801555:0.053789186434297774:0.0022423053109878908:0.011458929870432734:0.0041339311481672679:0.0056130315817952848:0.070594336635987118:0.0020596638363202233,0.019737576828023989:0.0090329277445750054:0.0048170412175556577:0.13464732065490712:0.018756629176317187:0.020769826783910515:0.019078071529255121:0.013581285074619616:0.15689707210427808,1.64589
AU-97-98,GUUCGGACAAAGUGCAGGCUAGCUACAACGAGAAGCUUU,-8.25,-818.12,7.81,4.25,1.72373e-06,0.000730526,1076GAGGCUGCUCGUGUUGU&22GCUACAACGAGAAGCUUU,1076||||||.|||||||.||&22||.||.|||||.||||||,-20.31,1083:1077,1087:1081,28:34,32:38,-2.81:-0.35,2.95:3.18,1.25:2.36,0.006652644086940899:0.004500509066253551,0.11954734989478331:0.018129900959545375,9.73594e-15
