id2,seq2,E,Etotal,ED1,ED2,Pu1,Pu2,subseqDB,hybridDB,E_hybrid,seedStart1,seedEnd1,seedStart2,seedEnd2,seedE,seedED1,seedED2,seedPu1,seedPu2,P_E
AU-235-236,CAAAUUUCUUUGCCAAGGCUAGCUACAACGAUUAAUUUC,-16.55,-822.02,2.17,3.79,0.0250386,0.00159625,227GAAAUUAAAUUGGCAAAGAAA&5UUUCUUUGCCAAGGCUAGCUACAACGAUUAAUUUC,227|||||||..||||||||||||&5||||||||||||................|||||||,-22.51,238:237:236:240:239:242:227:241:243:229:228,242:241:240:244:243:246:231:245:247:233:232,10:11:12:8:9:6:35:7:5:33:34,14:15:16:12:13:10:39:11:9:37:38,-4.78:-4.54:-4.31:-3.02:-3:-1.62:-1.55:-1.47:-1.43:-0.32:-0.06,0.33:1.24:1.21:0.36:0.34:1.45:0.74:0.36:1.43:0.73:0.73,2.51:2.33:2.95:2.6:2.6:0.68:0.4:0.58:0.64:0.33:0.41,0.5707823663635625:0.12159609655797346:0.12795541646849698:0.54241476953044854:0.56116537616735496:0.08510328920544416:0.28438301371553037:0.54241476953044854:0.088045204486953854:0.28925663701985654:0.28925663701985654,0.014050773275094569:0.019078071529255121:0.006652644086940899:0.01205821720728892:0.01205821720728892:0.31490657940904898:0.50677220262199407:0.3732317131866803:0.33705475322053108:0.5707823663635625:0.49823370600484052,0.754921
