id2,seq2,E,Etotal,ED1,ED2,Pu1,Pu2,subseqDB,hybridDB,E_hybrid,seedStart1,seedEnd1,seedStart2,seedEnd2,seedE,seedED1,seedED2,seedPu1,seedPu2,P_E
AU-21-22,GCCACAGAAGUUGUUAGGCUAGCUACAACGACGACAUAG,-17.36,-828.46,2.12,9.42,0.0272589,1.11774e-07,13CUAUGUCGAUAACAACUUCUG&5CAGAAGUUGUUAGGCUAGCUACAACGACGACAUAG,13||||||||.||||||||||||&5||||||||||||...............||||||||,-28.9,16:15:13:14:29:24:28:27:25,20:19:17:18:33:28:32:31:29,32:33:35:34:5:10:6:7:9,36:37:39:38:9:14:10:11:13,-5.42:-4.69:-4.39:-3.23:-2.92:-1.03:-0.92:-0.88:-0.81,0.78:0.61:0.47:0.44:0.65:0.15:0.21:0.14:0.15,1.64:0.5:0.48:0.48:0.99:4.97:4.45:3.78:4.91,0.26569594772217947:0.35468228456213113:0.44994043349048735:0.47347174114131668:0.33137578966396897:0.775005517484465:0.69988504248464434:0.78828720017586473:0.775005517484465,0.061621521682920885:0.42757862000719421:0.44235948321460022:0.44235948321460022:0.18595661965953542:0.00021493089833713103:0.00052004656648075231:0.0016236066388363496:0.00023799998853786604,0.949958
