id2,seq2,E,Etotal,ED1,ED2,Pu1,Pu2,subseqDB,hybridDB,E_hybrid,seedStart1,seedEnd1,seedStart2,seedEnd2,seedE,seedED1,seedED2,seedPu1,seedPu2,P_E
AU-372-373,UGGUGACGCAACUGGAGGCUAGCUACAACGAAGACAGAU,-11.53,-22.89,2.45,2.45,0.0155589,0.0155589,17GGCUAGCU&17GGCUAGCU,17||||||||&17||||||||,-16.43,18:19:17:20,22:23:21:24,19:18:20:17,23:22:24:21,-3.87:-3.87:-2.89:-2.89,1.58:1.95:2.07:1.81,1.95:1.58:1.81:2.07,0.068235519265437194:0.03638834695653697:0.029676054670601429:0.0461612810006541,0.03638834695653697:0.068235519265437194:0.0461612810006541:0.029676054670601429,0.812372
