id2,seq2,E,Etotal,ED1,ED2,Pu1,Pu2,subseqDB,hybridDB,E_hybrid,seedStart1,seedEnd1,seedStart2,seedEnd2,seedE,seedED1,seedED2,seedPu1,seedPu2,P_E
AU-299-300,UGAAUAGUCUUGAUUAGGCUAGCUACAACGAGGAAUUUA,-23.02,-832.66,1.81,7.96,0.0461613,1.3359e-06,291UAAAUUCCAUAAUCAAGACUAUUCA&1UGAAUAGUCUUGAUUAGGCUAGCUACAACGAGGAAUUUA,291||||||||.||||||||||||||||&1||||||||||||||||...............||||||||,-32.79,294:293:301:310:311:300:292:291:302:309,298:297:305:314:315:304:296:295:306:313,32:33:11:2:1:12:34:35:10:3,36:37:15:6:5:16:38:39:14:7,-6.48:-3.14:-1.97:-1.76:-1.47:-0.97:-0.84:-0.54:-0.41:-0.12,0.32:0.29:0.47:1.12:1.11:0.49:0.25:0.28:0.39:1.09,0.36:0.22:0.18:1.85:1.56:2.51:0.17:0.17:2.52:1.88,0.58056416804736677:0.61092692949867611:0.44994043349048735:0.14909936644965871:0.15165456177407496:0.4349062627509454:0.653894960989297:0.62139670996110385:0.51545702800735915:0.15689707210427808,0.54241476953044854:0.68809282886927159:0.7364881326473961:0.043127981321019505:0.070594336635987118:0.014050773275094569:0.74910972238207862:0.74910972238207862:0.013814034796825499:0.040984542317927614,0.655627
