id2,seq2,E,Etotal,ED1,ED2,Pu1,Pu2,subseqDB,hybridDB,E_hybrid,seedStart1,seedEnd1,seedStart2,seedEnd2,seedE,seedED1,seedED2,seedPu1,seedPu2,P_E
AU-435-436,UGAAGUUUCACCACAAGGCUAGCUACAACGAGAUCACAC,-19.48,-826.9,7.71,5.74,2.04299e-06,5.80849e-05,427GUGUGAUCAUUGUGGUGAAAC&5GUUUCACCACAAGGCUAGCUACAACGAGAUCACAC,427||||||||.||||||||||||&5||||||||||||...............||||||||,-32.93,427:430:429:428:438:437:440:439,431:434:433:432:442:441:444:443,35:32:33:34:10:11:8:9,39:36:37:38:14:15:12:13,-5.27:-5.07:-4.28:-3.71:-2.69:-2.48:-1.61:-1.38,2.46:2.06:2.07:2.22:3.55:3.37:3.69:3.72,0.06:0.05:0.06:0.06:1.84:1.83:3.1:2.72,0.015296730943492121:0.030184629039138693:0.029676054670601429:0.022999106106886717:0.0024000122978008269:0.0032587250105085737:0.0018918989746210561:0.0017978725461191504,0.90307104490862367:0.9185474548123862:0.90307104490862367:0.90307104490862367:0.043867088527489016:0.04461886220815748:0.0051558358732395962:0.0098339260505816532,0.98366
