id2,seq2,E,Etotal,ED1,ED2,Pu1,Pu2,subseqDB,hybridDB,E_hybrid,seedStart1,seedEnd1,seedStart2,seedEnd2,seedE,seedED1,seedED2,seedPu1,seedPu2,P_E
AU-283-284,UGGAAUUUAAGGGAAAGGCUAGCUACAACGAACAAAAUU,-15.83,-820.49,2.16,2.98,0.0254677,0.00632201,275AAUUUUGUAUUUCCCUUAAAU&5AUUUAAGGGAAAGGCUAGCUACAACGAACAAAAUU,275||||||||.||||||||||||&5||||||||||||...............||||||||,-20.97,286:287:285:288:284:278:277:289:276,290:291:289:292:288:282:281:293:280,10:9:11:8:12:32:33:7:34,14:13:15:12:16:36:37:11:38,-6.12:-5.74:-5.45:-3.39:-2.44:-2.34:-1.53:-0.79:-0.11,0.88:0.81:0.95:0.67:0.93:1.4:1.23:0.65:0.82,1.58:0.03:2.18:1.64:2.14:0.01:0.01:2.06:0,0.22417548965938996:0.25249099261259206:0.19903541763620519:0.32030330133010154:0.20591582545795303:0.092649855769102923:0.12367995368487215:0.33137578966396897:0.24823682579931786,0.068235519265437194:0.95030050242469288:0.024616691234895034:0.061621521682920885:0.026348045203926702:0.9831512135571443:0.9831512135571443:0.030184629039138693:1,1.34632
