id2,seq2,E,Etotal,ED1,ED2,Pu1,Pu2,subseqDB,hybridDB,E_hybrid,seedStart1,seedEnd1,seedStart2,seedEnd2,seedE,seedED1,seedED2,seedPu1,seedPu2,P_E
AU-504-505,ACCUUCUUUAGUCAAAGGCUAGCUACAACGAUCUCAGUG,-26.86,-833.89,3.13,5.35,0.00489959,0.000112686,497ACUGAGAAUUUGACUAAAGAAGGU&1ACCUUCUUUAGUCAAAGGCUAGCUACAACGAUCUCAGU,497|||||||.||||||||||||||||&1||||||||||||||||...............|||||||,-35.34,498:515:499:508:497:507:516:514:506:509:510:513:512:511,502:519:503:512:501:511:520:518:510:513:514:517:516:515,33:2:32:9:34:10:1:3:11:8:7:4:5:6,37:6:36:13:38:14:5:7:15:12:11:8:9:10,-7.42:-5.66:-5.4:-4.3:-4.19:-3.57:-3.23:-3.19:-1.95:-1.52:-1.28:-0.91:-0.36:-0.1,1.05:2.45:1.02:0.55:0.89:0.64:2.65:2.07:0.74:0.59:0.64:0.84:0.59:0.32,0.64:0.05:0.04:1.78:0.64:1.79:0.04:0.05:3.02:1.82:1.85:0.71:2:1.81,0.16793203882361216:0.015558879176019053:0.17671466909165404:0.39275125313980064:0.22039840470839631:0.33705475322053108:0.011076044725330155:0.029676054670601429:0.28438301371553037:0.36694321175749678:0.33705475322053108:0.2399423171374557:0.36694321175749678:0.58056416804736677,0.33705475322053108:0.9185474548123862:0.93428909220280065:0.048575456798006053:0.33705475322053108:0.047757019300052266:0.93428909220280065:0.9185474548123862:0.0059065859351580098:0.045383519435145431:0.043127981321019505:0.29925588062926073:0.033424423481757073:0.0461612810006541,0.516679
