id2,seq2,E,Etotal,ED1,ED2,Pu1,Pu2,subseqDB,hybridDB,E_hybrid,seedStart1,seedEnd1,seedStart2,seedEnd2,seedE,seedED1,seedED2,seedPu1,seedPu2,P_E
AU-487-488,UCUCAGUGCCACAAAAGGCUAGCUACAACGAUCGCAAGU,-18.97,-828.32,6.03,7.67,3.54856e-05,2.18668e-06,479ACUUGCGAAUUUUGUGGCACU&5AGUGCCACAAAAGGCUAGCUACAACGAUCGCAAGU,479||||||||.||||||||||||&5||||||||||||...............||||||||,-32.67,482:481:480:492:494:479:495:491:489:493:488,486:485:484:496:498:483:499:495:493:497:492,32:33:34:8:6:35:5:9:11:7:12,36:37:38:12:10:39:9:13:15:11:16,-7.88:-6.71:-6.29:-3.37:-3.21:-2.96:-1.24:-0.65:-0.64:-0.47:-0.05,0.24:0.24:1.7:3.64:3.41:1.68:3.17:3.85:2.27:3.28:1.8,0.28:0.29:0.69:4.09:4.11:0.69:4.08:4.05:0:4.1:0,0.66510110751268503:0.66510110751268503:0.055648611975054774:0.0020596638363202233:0.0030445912318066157:0.05757231555329137:0.0045776366892435992:0.0014415279115870653:0.02112577037744081:0.0037972119345186886:0.046952371480718354,0.62139670996110385:0.61092692949867611:0.30960078570313582:0.00095876181050700508:0.00092672603935860102:0.30960078570313582:0.00097519262274833971:0.0010261939462939721:1:0.00094260783751220741:1,0.452058
