id2,seq2,E,Etotal,ED1,ED2,Pu1,Pu2,subseqDB,hybridDB,E_hybrid,seedStart1,seedEnd1,seedStart2,seedEnd2,seedE,seedED1,seedED2,seedPu1,seedPu2,P_E
AU-404-405,AGAGUUGAAAGGCACAGGCUAGCUACAACGAUUGGUUGC,-26,-837.29,6.55,9.61,1.46659e-05,8.09333e-08,396GCAACCAAAUGUGCCUUUCAACUCU&1AGAGUUGAAAGGCACAGGCUAGCUACAACGAUUGGUUGC,396|||||||..||||||||||||||||&1||||||||||||||||................|||||||,-42.16,406:408:405:407:413:414:397:416:415:396:398:409:410:412:411,410:412:409:411:417:418:401:420:419:400:402:413:414:416:415,11:9:12:10:4:3:34:1:2:35:33:8:7:5:6,15:13:16:14:8:7:38:5:6:39:37:12:11:9:10,-7.11:-4.71:-4.56:-4.41:-3.97:-3.9:-3.7:-3.65:-3.45:-3.04:-1.5:-1.41:-1.34:-1.17:-0.88,1.26:1.47:0.98:1.47:1.31:1.34:3.1:1:0.69:1.8:2.97:1.41:1.41:0.81:1.18,2.54:2.4:2.38:2.41:0.96:0.96:1.35:0.95:0.95:1.35:1.41:2.38:2.31:0.96:0.92,0.11753312212659672:0.082259674172926053:0.18914345737999436:0.082259674172926053:0.10795975018553876:0.10259420484296183:0.0051558358732395962:0.18282347628725659:0.30960078570313582:0.046952371480718354:0.0064303546912167255:0.091088818135287936:0.091088818135287936:0.25249099261259206:0.13464732065490712,0.013352456902777803:0.01693856870922034:0.017524114045925947:0.016653174382391039:0.19568191238988819:0.19568191238988819:0.10086561699528819:0.19903541763620519:0.19903541763620519:0.10086561699528819:0.091088818135287936:0.017524114045925947:0.019737576828023989:0.19568191238988819:0.20944471472798976,0.627765
