id2,seq2,E,Etotal,ED1,ED2,Pu1,Pu2,subseqDB,hybridDB,E_hybrid,seedStart1,seedEnd1,seedStart2,seedEnd2,seedE,seedED1,seedED2,seedPu1,seedPu2,P_E
AU-276-277,UAAGGGAAAUACAAAAGGCUAGCUACAACGAUUGGACAU,-28.65,-833.05,3.11,2.72,0.00506897,0.00983393,268AUGUCCAAAUUUUGUAUUUCCCUUA&1UAAGGGAAAUACAAAAGGCUAGCUACAACGAUUGGACAU,268|||||||..||||||||||||||||&1||||||||||||||||................|||||||,-34.48,286:287:285:270:288:269:284:283:280:281:279:268:278:277:282,290:291:289:274:292:273:288:287:284:285:283:272:282:281:286,3:2:4:33:1:34:5:6:9:8:10:35:11:12:7,7:6:8:37:5:38:9:10:13:12:14:39:15:16:11,-7.88:-7.66:-7.56:-5.49:-5.36:-5.27:-4.61:-2.64:-2.49:-2.48:-2.03:-1.98:-1.87:-0.99:-0.04,0.88:0.81:0.95:1.71:0.67:1.91:0.93:0.96:1.26:0.96:1.4:2.13:1.4:1.23:0.86,0.3:0.3:0.3:1.68:0.29:1.66:0.2:0.03:0.35:0.35:0.35:1.14:0.33:0.35:0.01,0.22417548965938996:0.25249099261259206:0.19903541763620519:0.054711000396045734:0.32030330133010154:0.03894763115637271:0.20591582545795303:0.19568191238988819:0.11753312212659672:0.19568191238988819:0.092649855769102923:0.026799585700145474:0.092649855769102923:0.12367995368487215:0.23192495862734949,0.60063355213136327:0.60063355213136327:0.60063355213136327:0.05757231555329137:0.61092692949867611:0.059562519181135275:0.71187934555091148:0.95030050242469288:0.55171042058518638:0.55171042058518638:0.55171042058518638:0.14411740624890013:0.5707823663635625:0.55171042058518638:0.9831512135571443,0.746549
