id2,seq2,E,Etotal,ED1,ED2,Pu1,Pu2,subseqDB,hybridDB,E_hybrid,seedStart1,seedEnd1,seedStart2,seedEnd2,seedE,seedED1,seedED2,seedPu1,seedPu2,P_E
AU-207-208,AGGUGUCUGCAAUUCAGGCUAGCUACAACGAAGCUCUUU,-17.98,-829.61,4.18,6.36,0.000822799,2.02546e-05,203AGCUAUGAAUUGCAGAC&5GUCUGCAAUUCAGGCU,203||||.||||||||||||&5||||||||||||||||,-28.52,215:214:213:211:210,219:218:217:215:214,5:6:7:9:10,9:10:11:13:14,-1.93:-1.89:-1.59:-0.61:-0.06,1.57:1.59:1.88:1.66:1.49,5.11:5.11:4.83:2.88:0,0.069404907733932319:0.067085833573516482:0.040984542317927614:0.059562519181135275:0.079511074815226859,0.00016942727608146047:0.00016942727608146047:0.00027265557310734019:0.0074929365006057066:1,6.07532
