id2,seq2,E,Etotal,ED1,ED2,Pu1,Pu2,subseqDB,hybridDB,E_hybrid,seedStart1,seedEnd1,seedStart2,seedEnd2,seedE,seedED1,seedED2,seedPu1,seedPu2,P_E
AU-247-248,CAUUGAAGGUGUCAAAGGCUAGCUACAACGAUUCUUUGC,-24.95,-833.52,5.37,6.89,0.000108921,8.23001e-06,239GCAAAGAAAUUUGACACCUUCAAUG&1CAUUGAAGGUGUCAAAGGCUAGCUACAACGAUUCUUUGC,239|||||||..||||||||||||||||&1||||||||||||||||................|||||||,-37.21,255:240:253:252:239:256:254:251:241:259:258:250:257:249,259:244:257:256:243:260:258:255:245:263:262:254:261:253,5:34:7:8:35:4:6:9:33:1:2:10:3:11,9:38:11:12:39:8:10:13:37:5:6:14:7:15,-6.04:-4.85:-4.74:-4.39:-3.79:-3.26:-3.25:-3.1:-2.18:-1.89:-1.08:-0.83:-0.83:-0.65,1:0.36:0.78:1.21:0.34:1.02:1.04:1.81:0.36:1.3:0.52:1.95:0.86:2.04,1.85:0.85:1.95:1.97:0.84:1.66:1.85:3.56:0.84:0.89:1.63:3.33:1.76:2.63,0.18282347628725659:0.54241476953044854:0.26569594772217947:0.12795541646849698:0.56116537616735496:0.17671466909165404:0.1708099796937812:0.0461612810006541:0.54241476953044854:0.10980991397541899:0.41329163999986884:0.03638834695653697:0.23192495862734949:0.031228074272172782,0.043127981321019505:0.23589958027740274:0.03638834695653697:0.035172477965101166:0.2399423171374557:0.059562519181135275:0.043127981321019505:0.0023595750031349524:0.2399423171374557:0.22039840470839631:0.062677562549068894:0.0034879193578353585:0.050254650164027262:0.011458929870432734,0.949375
