id2,seq2,E,Etotal,ED1,ED2,Pu1,Pu2,subseqDB,hybridDB,E_hybrid,seedStart1,seedEnd1,seedStart2,seedEnd2,seedE,seedED1,seedED2,seedPu1,seedPu2,P_E
AU-465-466,AGUGGCUUUAACAAAAGGCUAGCUACAACGACGCCCGUC,-23.43,-836.89,7.38,11.78,3.57928e-06,2.02645e-09,457GACGGGCGAUUUUGUUAAAGCCACU&1AGUGGCUUUAACAAAAGGCUAGCUACAACGACGCCCGUC,457||||||||.||||||||||||||||&1||||||||||||||||...............||||||||,-42.59,460:459:458:457:476:469:467:468:470:466:475:474,464:463:462:461:480:473:471:472:474:470:479:478,32:33:34:35:2:9:11:10:8:12:3:4,36:37:38:39:6:13:15:14:12:16:7:8,-9.32:-8.62:-5.86:-5.21:-2.33:-2.01:-1.54:-1.35:-1.27:-1.19:-0.2:-0.14,1.65:1.65:2.14:1.4:1.52:1.13:1.15:1.1:1.05:1.21:1.48:1.44,1.89:1.92:1.94:1.92:7:0.92:0.87:0.59:0.95:0.9:7:6.4,0.060583273823801555:0.060583273823801555:0.026348045203926702:0.092649855769102923:0.0755594143452374:0.14658722306558336:0.1416892028483141:0.15425354684288375:0.16793203882361216:0.12795541646849698:0.080873698489927537:0.086561749639235616,0.040294002516954676:0.038291410836563872:0.037011953456152595:0.038291410836563872:6.8269030888671398e-06:0.20944471472798976:0.22801730452866908:0.36694321175749678:0.19903541763620519:0.21668495905511845:6.8269030888671398e-06:1.8923634894657367e-05,0.781851
