id2,seq2,E,Etotal,ED1,ED2,Pu1,Pu2,subseqDB,hybridDB,E_hybrid,seedStart1,seedEnd1,seedStart2,seedEnd2,seedE,seedED1,seedED2,seedPu1,seedPu2,P_E
AU-211-212,CAAAAGGUGUCUGCAAGGCUAGCUACAACGAUCAUAGCU,-30.37,-839.08,5.66,6.98,6.65428e-05,7.0629e-06,203AGCUAUGAAUUGCAGACACCUUUUG&1CAAAAGGUGUCUGCAAGGCUAGCU,203|||||.|..||||||||||||||||&1||||||||||||||||..||||||,-43.01,214:215:217:218:219:213:221:220:216:212:222:223,218:219:221:222:223:217:225:224:220:216:226:227,10:9:7:6:5:11:3:4:8:12:2:1,14:13:11:10:9:15:7:8:12:16:6:5,-5.43:-5.41:-5.26:-5.17:-4.98:-4.67:-3.8:-3.64:-3.03:-2.37:-1.34:-1.19,1.59:1.57:1.43:1.19:0.96:1.88:1.65:1.32:1.37:1.53:1.84:1.94,1.6:1.58:1.79:1.83:1.82:1.14:0.16:0.17:1.77:0.99:0.12:0.04,0.067085833573516482:0.069404907733932319:0.088045204486953854:0.13237867670408987:0.19568191238988819:0.040984542317927614:0.060583273823801555:0.10614075941023858:0.09749532440812847:0.074286329909187265:0.043867088527489016:0.037011953456152595,0.065955518690295312:0.068235519265437194:0.047757019300052266:0.04461886220815748:0.045383519435145431:0.14411740624890013:0.7619476150283343:0.74910972238207862:0.049407920295653149:0.18595661965953542:0.81553731215235337:0.93428909220280065,7.29574
AU-211-212,CAAAAGGUGUCUGCAAGGCUAGCUACAACGAUCAUAGCU,-11.83,-820.54,1.07,1.72,0.162321,0.0537892,12GCUAUGUCG&29CGAUCAUAGC,12|||||||||&29|||.||||||,-14.62,12:13,16:17,34:33,38:37,-4.65:-3.51,0.74:0.47,1.54:1.56,0.28438301371553037:0.44994043349048735,0.073034695400923846:0.070594336635987118,1.51755e-13
