id2,seq2,E,Etotal,ED1,ED2,Pu1,Pu2,subseqDB,hybridDB,E_hybrid,seedStart1,seedEnd1,seedStart2,seedEnd2,seedE,seedED1,seedED2,seedPu1,seedPu2,P_E
AU-487-488,UCUCAGUGCCACAAAAGGCUAGCUACAACGAUCGCAAGU,-9.98,-25.32,0.7,0.7,0.304384,0.304384,29CGAUCG&29CGAUCG,29||||||&29||||||,-11.38,29:30,33:34,30:29,34:33,-7.07:-7.07,0.29:0.29,0.29:0.29,0.61092692949867611:0.61092692949867611,0.61092692949867611:0.61092692949867611,0.849518
AU-487-488,UCUCAGUGCCACAAAAGGCUAGCUACAACGAUCGCAAGU,-4.28,-19.62,1.19,1.19,0.132379,0.132379,20UAGCUA&20UAGCUA,20||||||&20||||||,-6.66,20:21,24:25,21:20,25:24,-3.7:-3.7,1.15:1.18,1.18:1.15,0.1416892028483141:0.13464732065490712,0.13464732065490712:0.1416892028483141,5.28147e-05
