id2,seq2,E,Etotal,ED1,ED2,Pu1,Pu2,subseqDB,hybridDB,E_hybrid,seedStart1,seedEnd1,seedStart2,seedEnd2,seedE,seedED1,seedED2,seedPu1,seedPu2,P_E
AU-302-303,GGUUGAAUAGUCUUGAGGCUAGCUACAACGAUAUGGAAU,-26.48,-838.06,1.75,9.9,0.0511159,4.94443e-08,294AUUCCAUAAUCAAGACUAUUCAACC&1GGUUGAAUAGUCUUGAGGCUAGCUACAACGAUAUGGAAU,294||||||||.||||||||||||||||&1||||||||||||||||...............||||||||,-38.13,296:297:294:295:314:303:304:313,300:301:298:299:318:307:308:317,33:32:35:34:1:12:11:2,37:36:39:38:5:16:15:6,-6.71:-6.47:-6.05:-5.86:-4.11:-2.49:-1.24:-1.08,0.32:0.31:0.32:0.32:1.08:0.43:0.43:1.08,0:0:0:0:4.01:2.23:4.15:3.87,0.58056416804736677:0.59051360568108813:0.58056416804736677:0.58056416804736677:0.15958590086728167:0.48158587876654929:0.48158587876654929:0.15958590086728167,1:1:1:1:0.0010983687542305404:0.022611599079715217:0.00086583003003304381:0.0013933611429761846,0.815231
