id2,seq2,E,Etotal,ED1,ED2,Pu1,Pu2,subseqDB,hybridDB,E_hybrid,seedStart1,seedEnd1,seedStart2,seedEnd2,seedE,seedED1,seedED2,seedPu1,seedPu2,P_E
AU-247-248,CAUUGAAGGUGUCAAAGGCUAGCUACAACGAUUCUUUGC,-12.47,-26.25,1.88,1.88,0.0409845,0.0409845,17GGCUAGCU&17GGCUAGCU,17||||||||&17||||||||,-16.23,18:19:17:20,22:23:21:24,19:18:20:17,23:22:24:21,-6.33:-6.33:-4.61:-4.61,0.52:0.65:1.79:0.64,0.65:0.52:0.64:1.79,0.41329163999986884:0.33137578966396897:0.047757019300052266:0.33705475322053108,0.33137578966396897:0.41329163999986884:0.33705475322053108:0.047757019300052266,0.591953
