id2,seq2,E,Etotal,ED1,ED2,Pu1,Pu2,subseqDB,hybridDB,E_hybrid,seedStart1,seedEnd1,seedStart2,seedEnd2,seedE,seedED1,seedED2,seedPu1,seedPu2,P_E
AU-294-295,AGUCUUGAUUAUGGAAGGCUAGCUACAACGAUUAAGGGA,-16.38,-827.4,1.41,9.34,0.0910888,1.2805e-07,286UCCCUUAAAUUCCAUAAUCAA&5UUGAUUAUGGAAGGCUAGCUACAACGAUUAAGGGA,286|||||||..||||||||||||&5||||||||||||................|||||||,-27.13,287:286:288:297:296:295:298:300:299,291:290:292:301:300:299:302:304:303,34:35:33:10:11:12:9:7:8,38:39:37:14:15:16:13:11:12,-6.41:-6.04:-3.94:-3.78:-3.26:-2.56:-2.48:-1.37:-0.53,0.81:0.88:0.67:0.31:0.32:0.32:0.42:0.49:0.47,1.52:1.51:1.46:1.12:1.76:2.9:1.13:1.13:1.13,0.25249099261259206:0.22417548965938996:0.32030330133010154:0.59051360568108813:0.58056416804736677:0.58056416804736677:0.48983907269373245:0.4349062627509454:0.44994043349048735,0.0755594143452374:0.07685431630792125:0.083669402060037049:0.14909936644965871:0.050254650164027262:0.0072425698335854679:0.14658722306558336:0.14658722306558336:0.14658722306558336,0.672486
