id2,seq2,E,Etotal,ED1,ED2,Pu1,Pu2,subseqDB,hybridDB,E_hybrid,seedStart1,seedEnd1,seedStart2,seedEnd2,seedE,seedED1,seedED2,seedPu1,seedPu2,P_E
AU-549-550,AAUUUUAACAACAGCAGGCUAGCUACAACGAUUUGGGGU,-21.22,-827.97,4.36,5.07,0.000605981,0.000181344,541ACCCCAAAAUGCUGUUGUUAA&5UUAACAACAGCAGGCUAGCUACAACGAUUUGGGGU,541|||||||..||||||||||||&5||||||||||||................|||||||,-30.65,542:541:543:551:550:557:556:554:555:553:552,546:545:547:555:554:561:560:558:559:557:556,34:35:33:11:12:5:6:8:7:9:10,38:39:37:15:16:9:10:12:11:13:14,-9.44:-9.04:-6.68:-4.2:-4.14:-3.32:-3.3:-3.26:-2.36:-1.87:-1.66,0.38:0.38:0.29:2.17:2.39:0.6:0.68:1.65:0.69:1.92:2.25,1.4:1.39:1.04:1.93:1.96:0.08:0.08:0.08:0.08:1.43:1.91,0.52429068987504124:0.52429068987504124:0.61092692949867611:0.025038560595200068:0.017228853990765885:0.36076066394593914:0.31490657940904898:0.060583273823801555:0.30960078570313582:0.038291410836563872:0.021856062088693284,0.092649855769102923:0.094237645737003217:0.1708099796937812:0.037646247032782944:0.035775247469657739:0.8728961078091334:0.8728961078091334:0.8728961078091334:0.8728961078091334:0.088045204486953854:0.03894763115637271,0.648364
