id2,seq2,E,Etotal,ED1,ED2,Pu1,Pu2,subseqDB,hybridDB,E_hybrid,seedStart1,seedEnd1,seedStart2,seedEnd2,seedE,seedED1,seedED2,seedPu1,seedPu2,P_E
AU-125-126,CCCCUCUUAGUGUCAAGGCUAGCUACAACGAAAAGUCCA,-30.55,-836.8,8.02,4.57,1.20641e-06,0.000424117,117UGGACUUUAUUGACACUAAGAGGGG&1CCCCUCUUAGUGUCAAGGCUAGCUACAACGAAAAGUCCA,117|||||||..||||||||||||||||&1||||||||||||||||................|||||||,-43.14,118:128:136:117:135:126:137:127:129:130:119:134:132:131:133,122:132:140:121:139:130:141:131:133:134:123:138:136:135:137,34:10:2:35:3:12:1:11:9:8:33:4:6:7:5,38:14:6:39:7:16:5:15:13:12:37:8:10:11:9,-6.98:-6.92:-6.24:-5.78:-5.3:-5.08:-4.73:-4.57:-4.3:-4.22:-4.04:-3.19:-2.86:-1.38:-0.68,1.64:0.22:3.09:1.7:1.35:0.2:5.49:0.2:0.41:0.58:1.54:1.23:1.21:0.64:1.47,0.65:1.56:0.08:0.65:0.45:0.05:0.02:1.55:1.56:1.66:0.64:1.3:1.6:1.6:1.5,0.061621521682920885:0.68809282886927159:0.0052441941810611641:0.055648611975054774:0.10086561699528819:0.71187934555091148:8.8829143460398007e-05:0.71187934555091148:0.49823370600484052:0.3732317131866803:0.073034695400923846:0.12367995368487215:0.12795541646849698:0.33705475322053108:0.082259674172926053,0.33137578966396897:0.070594336635987118:0.8728961078091334:0.33137578966396897:0.46549431688809956:0.9185474548123862:0.96658630871888551:0.07180414941519464:0.070594336635987118:0.059562519181135275:0.33705475322053108:0.10980991397541899:0.065955518690295312:0.065955518690295312:0.078171409695823146,0.683253
