id2,seq2,E,Etotal,ED1,ED2,Pu1,Pu2,subseqDB,hybridDB,E_hybrid,seedStart1,seedEnd1,seedStart2,seedEnd2,seedE,seedED1,seedED2,seedPu1,seedPu2,P_E
AU-276-277,UAAGGGAAAUACAAAAGGCUAGCUACAACGAUUGGACAU,-12.45,-17.89,1.99,1.99,0.0339972,0.0339972,17GGCUAGCU&17GGCUAGCU,17||||||||&17||||||||,-16.43,18:19:17:20,22:23:21:24,19:18:20:17,23:22:24:21,-5.13:-5.13:-3.99:-3.99,1.09:1.35:1.62:1.34,1.35:1.09:1.34:1.62,0.15689707210427808:0.10086561699528819:0.063751701350492018:0.10259420484296183,0.10086561699528819:0.15689707210427808:0.10259420484296183:0.063751701350492018,0.497288
AU-276-277,UAAGGGAAAUACAAAAGGCUAGCUACAACGAUUGGACAU,-4.34,-9.78,1.69,1.69,0.0566023,0.0566023,29CGAUUG&29CGAUUG,29||||||&29||||||,-7.72,29:30,33:34,30:29,34:33,-1.24:-1.24,1.64:1.64,1.64:1.64,0.061621521682920885:0.061621521682920885,0.061621521682920885:0.061621521682920885,5.14858e-07
