id2,seq2,E,Etotal,ED1,ED2,Pu1,Pu2,subseqDB,hybridDB,E_hybrid,seedStart1,seedEnd1,seedStart2,seedEnd2,seedE,seedED1,seedED2,seedPu1,seedPu2,P_E
AU-168-169,GUACCAAGCAAUUUCAGGCUAGCUACAACGAGCUCAUGU,-25.81,-835.77,8.11,8.28,1.03533e-06,7.75577e-07,160ACAUGAGCAUGAAAUUGCUUGGUAC&1GUACCAAGCAAUUUCAGGCUAGCUACAACGAGCUCAUGU,160||||||||.||||||||||||||||&1||||||||||||||||...............||||||||,-42.2,180:163:170:161:179:176:169:160:177:162:178:175:173:174,184:167:174:165:183:180:173:164:181:166:182:179:177:178,1:32:11:34:2:5:12:35:4:33:3:6:8:7,5:36:15:38:6:9:16:39:8:37:7:10:12:11,-7.17:-5:-3.66:-3.33:-3.33:-3.22:-3:-2.76:-2.69:-2.5:-1.4:-0.68:-0.66:-0.66,1.49:3.11:0.01:2.28:2.08:2.75:0.01:1.92:2.62:2.45:2.39:2.76:2.67:2.77,0.31:0.78:0:0.74:0.31:2.78:0:0.12:2.76:0.83:1.82:2.54:2.54:2.54,0.079511074815226859:0.0050689662956769702:0.9831512135571443:0.020769826783910515:0.029176049162989943:0.0093451848666750263:0.9831512135571443:0.038291410836563872:0.011655307660123937:0.015558879176019053:0.017228853990765885:0.0091877298425874169:0.010705953186262159:0.0090329277445750054,0.59051360568108813:0.26569594772217947:1:0.28438301371553037:0.59051360568108813:0.0088807338740529203:1:0.81553731215235337:0.0091877298425874169:0.2440543365341728:0.045383519435145431:0.013352456902777803:0.013352456902777803:0.013352456902777803,0.781999
