id2,seq2,E,Etotal,ED1,ED2,Pu1,Pu2,subseqDB,hybridDB,E_hybrid,seedStart1,seedEnd1,seedStart2,seedEnd2,seedE,seedED1,seedED2,seedPu1,seedPu2,P_E
AU-465-466,AGUGGCUUUAACAAAAGGCUAGCUACAACGACGCCCGUC,-15.33,-828.79,2.4,1.95,0.0169386,0.0363883,457GACGGGCG&32CGCCCGUC,457||||||||&32||||||||,-19.68,460:459:458:457,464:463:462:461,32:33:34:35,36:37:38:39,-9.32:-8.62:-5.86:-5.21,1.65:1.65:2.14:1.4,1.89:1.92:1.94:1.92,0.060583273823801555:0.060583273823801555:0.026348045203926702:0.092649855769102923,0.040294002516954676:0.038291410836563872:0.037011953456152595:0.038291410836563872,0.354767
AU-465-466,AGUGGCUUUAACAAAAGGCUAGCUACAACGACGCCCGUC,-5.73,-819.19,1.26,0.95,0.117533,0.199035,466UUUUGUUAA&8UUAACAAAA,466|||||||||&8|||||||||,-7.94,469:467:468:470:466,473:471:472:474:470,9:11:10:8:12,13:15:14:12:16,-2.01:-1.54:-1.35:-1.27:-1.19,1.13:1.15:1.1:1.05:1.21,0.92:0.87:0.59:0.95:0.9,0.14658722306558336:0.1416892028483141:0.15425354684288375:0.16793203882361216:0.12795541646849698,0.20944471472798976:0.22801730452866908:0.36694321175749678:0.19903541763620519:0.21668495905511845,2.92045e-08
