id2,seq2,E,Etotal,ED1,ED2,Pu1,Pu2,subseqDB,hybridDB,E_hybrid,seedStart1,seedEnd1,seedStart2,seedEnd2,seedE,seedED1,seedED2,seedPu1,seedPu2,P_E
AU-162-163,AGCAAUUUCAUGCUCAGGCUAGCUACAACGAGUUCACGG,-26.02,-834.76,8.72,7.06,3.67214e-07,6.16518e-06,154CCGUGAACAUGAGCAUGAAAUUGCU&1AGCAAUUUCAUGCUCAGGCUAGCUACAACGAGUUCACGG,154||||||||.||||||||||||||||&1||||||||||||||||...............||||||||,-41.8,154:155:170:169:157:166:163:164:156:173:165:168:174:167,158:159:174:173:161:170:167:168:160:177:169:172:178:171,35:34:5:6:32:9:12:11:33:2:10:7:1:8,39:38:9:10:36:13:16:15:37:6:14:11:5:12,-5.2:-3.89:-3.6:-2.95:-2.88:-2.88:-2.64:-2.4:-1.29:-1.03:-0.87:-0.65:-0.45:-0.42,2.35:2.3:0.01:0.01:1.72:2.77:3.11:2.59:1.68:2.67:2.68:1.63:2.77:2.58,0.5:1.3:0:0:1.56:3.11:3.1:3.08:2.33:2.16:3.07:1.12:2.15:3.04,0.018440602736937574:0.020075830203790699:0.9831512135571443:0.9831512135571443:0.053789186434297774:0.0090329277445750054:0.0050689662956769702:0.012264865303538637:0.05757231555329137:0.010705953186262159:0.010525570867359614:0.062677562549068894:0.0090329277445750054:0.012475054838373295,0.42757862000719421:0.10980991397541899:1:1:0.070594336635987118:0.0050689662956769702:0.0051558358732395962:0.0053340667323057266:0.019078071529255121:0.02546765975562185:0.0054254794773700328:0.14909936644965871:0.025904112617099045:0.005709225096195268,0.765691
