id2,seq2,E,Etotal,ED1,ED2,Pu1,Pu2,subseqDB,hybridDB,E_hybrid,seedStart1,seedEnd1,seedStart2,seedEnd2,seedE,seedED1,seedED2,seedPu1,seedPu2,P_E
AU-261-262,AUUUGGACAUUCCCCAGGCUAGCUACAACGAUGAAGGUG,-26.09,-834.04,6.03,6.27,3.54856e-05,2.36015e-05,253CACCUUCAAUGGGGAAUGUCC&5GGACAUUCCCCAGGCUAGCUACAACGAUGAAGGUG,253||||||||.||||||||||||&5||||||||||||...............||||||||,-38.39,255:263:253:262:269:254:256:266:265:264:267:268,259:267:257:266:273:258:260:270:269:268:271:272,33:11:35:12:5:34:32:8:9:10:7:6,37:15:39:16:9:38:36:12:13:14:11:10,-5.8:-5.13:-4.51:-3.97:-3.36:-3.21:-3.16:-2.76:-2.19:-1.51:-0.77:-0.42,1:3.46:0.78:3.45:1.91:1.04:1.02:2.09:3.02:3.49:2.06:2.13,2.07:3.12:1.98:3.08:3.65:1.98:1.56:0.02:0.03:3.05:0.02:3.45,0.18282347628725659:0.0027966015269200771:0.26569594772217947:0.0028445283780932106:0.03894763115637271:0.1708099796937812:0.17671466909165404:0.028684468141396482:0.0059065859351580098:0.0026576118361138095:0.030184629039138693:0.026799585700145474,0.029676054670601429:0.0049835603650750741:0.034579864395201117:0.0053340667323057266:0.0020249610001979918:0.034579864395201117:0.070594336635987118:0.96658630871888551:0.95030050242469288:0.0056130315817952848:0.96658630871888551:0.0028445283780932106,0.977492
