id2,seq2,E,Etotal,ED1,ED2,Pu1,Pu2,subseqDB,hybridDB,E_hybrid,seedStart1,seedEnd1,seedStart2,seedEnd2,seedE,seedED1,seedED2,seedPu1,seedPu2,P_E
AU-168-169,GUACCAAGCAAUUUCAGGCUAGCUACAACGAGCUCAUGU,-15.05,-825.01,7.64,8.28,2.30104e-06,7.75577e-07,160ACAUGAGCAUGAAAUUGCUUG&5CAAGCAAUUUCAGGCUAGCUACAACGAGCUCAUGU,160||||||||.||||||||||||&5||||||||||||...............||||||||,-30.97,163:170:161:176:169:160:162:175:173:174,167:174:165:180:173:164:166:179:177:178,32:11:34:5:12:35:33:6:8:7,36:15:38:9:16:39:37:10:12:11,-5:-3.66:-3.33:-3.22:-3:-2.76:-2.5:-0.68:-0.66:-0.66,3.11:0.01:2.28:2.75:0.01:1.92:2.45:2.76:2.67:2.77,0.78:0:0.74:2.78:0:0.12:0.83:2.54:2.54:2.54,0.0050689662956769702:0.9831512135571443:0.020769826783910515:0.0093451848666750263:0.9831512135571443:0.038291410836563872:0.015558879176019053:0.0091877298425874169:0.010705953186262159:0.0090329277445750054,0.26569594772217947:1:0.28438301371553037:0.0088807338740529203:1:0.81553731215235337:0.2440543365341728:0.013352456902777803:0.013352456902777803:0.013352456902777803,0.776149
