id2,seq2,E,Etotal,ED1,ED2,Pu1,Pu2,subseqDB,hybridDB,E_hybrid,seedStart1,seedEnd1,seedStart2,seedEnd2,seedE,seedED1,seedED2,seedPu1,seedPu2,P_E
AU-422-423,CAAUGAUCACACUUCAGGCUAGCUACAACGAGAGAGUUG,-21.69,-830.42,4.97,7.05,0.000214931,6.27083e-06,414CAACUCUCAUGAAGUGUGAUC&5GAUCACACUUCAGGCUAGCUACAACGAGAGAGUUG,414||||||||.||||||||||||&5||||||||||||...............||||||||,-33.71,427:430:428:426:429:417:424:425:423,431:434:432:430:433:421:428:429:427,8:5:7:9:6:32:11:10:12,12:9:11:13:10:36:15:14:16,-6.07:-3.78:-3.28:-3.24:-3.11:-2.24:-1.92:-1.8:-1.64,2.46:2.06:2.22:2.51:2.07:1.48:2.32:2.67:2.47,0.03:1.19:0.03:0.02:1.17:5.03:1.1:1.12:1.21,0.015296730943492121:0.030184629039138693:0.022999106106886717:0.014050773275094569:0.029676054670601429:0.080873698489927537:0.019405022611149167:0.010705953186262159:0.015038999590551393,0.95030050242469288:0.13237867670408987:0.95030050242469288:0.96658630871888551:0.13695484356647333:0.00019409787094446201:0.15425354684288375:0.14909936644965871:0.12795541646849698,384.799
