Statistic,Value
Skewness,0.5034675354465893
Kurtosis,-0.4585447638326423
