Statistic,Value
Skewness,0.5936751309718226
Kurtosis,-0.6370126588888678
