Statistic,Value
Skewness,0.009544567598210436
Kurtosis,0.07032513073311852
