Statistic,Value
Skewness,-0.48779099347973875
Kurtosis,-0.4459134986723079
