Statistic,Value
Skewness,0.4029162028860422
Kurtosis,-1.1304352197119314
