Statistic,Value
Skewness,2.2207886628428235
Kurtosis,5.929298763273087
