"Accuracy","Precision","Recall","F1","File"
0.736842105263158,0.571428571428571,0.363636363636364,0.444444444444444,"Training_data"
