id2,seq2,E_1,ED1_1,ED2_1,Pu1_1,Pu2_1,E_hybrid_1,P_E_1,seedNumber_1,seedEbest_1,E_2,ED1_2,ED2_2,Pu1_2,Pu2_2,E_hybrid_2,P_E_2,seedNumber_2,seedEbest_2,E_3,ED1_3,ED2_3,Pu1_3,Pu2_3,E_hybrid_3,P_E_3,seedNumber_3,seedEbest_3,E_diff_12,pumin1_4u,pumin5_8u,pumin1_4d,pumin5_8d,target_file
A-17-18,UAUAGACCAUGGCUAGCUACAACGAUUAAAAUAAGCUACAG,-11.73,1.81,0.27,0.0530361,0.645272,-13.81,0.59363,7,-5.33,-21.18,6.65,3.37,2.06079e-05,0.00421995,-31.2,90.0857,11,-5.33,-8.94,0.49,0.49,0.451563,0.451563,-9.92,0.473238,2,-5.84,-9.45,0.6861792,0.4005184,0.1184166,0.5551073,target_1.fasta
A-15-16,AACAACCAGUGGCUAGCUACAACGA,-11.99,5.5,2.37,0.000133165,0.0213778,-19.86,0.560974,7,-2.75,-11.99,5.5,2.37,0.000133165,0.0213778,-19.86,0.560943,7,-2.75,-17.04,2.38,2.38,0.0210338,0.0210338,-21.8,0.961363,8,-2.82,0.0,0.0945094,0.06355458,0.2843929,0.1103002,target_2.fasta
