E_1,Pu1_1,E_hybrid_1,seedNumber_1,seedEbest_1,seedNumber_3,E_diff_12,pumin1_4u,pumin1_4d,pumin5_8d
0.33444937809327935,-0.342948425481881,0.9212136988052311,-1.2838690774546258,0.3586757805992517,0.5205788052326362,0.20848822805166858,-0.7266600672732639,-0.3085089145882302,-0.5482748992646063
