id2,E_1,Pu1_1,Pu2_1,E_hybrid_1,seedNumber_1,seedEbest_1,E_3,seedNumber_3,E_diff_12,pumin1_4u,pumin5_8u,pumin1_4d,pumin5_8d
A-16-16,0.33444937809327935,-0.342948425481881,0.9556798547783266,0.9212136988052311,-1.2838690774546258,0.3586757805992517,-1.7207090145266632,0.5205788052326362,0.20848822805166858,-0.7266600672732639,-0.36980316089353643,-0.3085089145882302,-0.5482748992646063
