id2,E_1,Pu1_1,Pu2_1,E_hybrid_1,seedNumber_1,seedEbest_1,E_3,seedNumber_3,E_diff_12,pumin1_4u,pumin5_8u,pumin1_4d,pumin5_8d
A-17-18,0.9079799236094304,4.10546092213636,3.370435886258847,2.090600976908513,-0.3684820615051041,-0.1301664960436969,-0.10655324572163458,-0.9079862881964589,-34.23376704608396,2.1320348406317424,0.6138411890254376,-0.5682433278413085,1.935556734931457
A-15-16,0.8355925732044792,-0.33909787841438377,-0.2743281557100412,0.9747030222515956,-0.3684820615051041,1.3030301786594936,-2.274822188892568,3.3777089920908265,0.20848822805166858,-0.7266600672732639,-0.9179092060753751,0.2018969434228273,-0.5482748992646063
