id2,seq2,E,ED1,ED2,Pu1,Pu2,subseqDB,hybridDB,E_hybrid,seedStart1,seedEnd1,seedStart2,seedEnd2,seedE,seedED1,seedED2,seedPu1,seedPu2,P_E
A-17-18,UAUAGACCAUGGCUAGCUACAACGAUUAAAAUAAGCUACAG,-21.18,6.65,3.37,2.06079e-05,0.00421995,1CUGUAGCUUAUUUUAAUAUGGUCUAUA&1UAUAGACCAUGGCUAGCUACAACGAUUAAAAUAAGCUACAG,1|||||||||||||||||||||||||||&1||||||||||..............|||||||||||||||||,-31.2,20:19:18:21:23:22:3:5:13:6:4,24:23:22:25:27:26:7:9:17:10:8,4:5:6:3:1:2:35:33:25:32:34,8:9:10:7:5:6:39:37:29:36:38,-5.33:-5.16:-3.2:-2.96:-1.86:-1.74:-1.19:-0.39:-0.15:-0.11:-0.08,1.36:1.61:1.6:1.43:0.31:1.14:2.6:1.74:0.47:1.68:1.77,0.03:0.03:0.21:0.02:0.01:0.01:2.76:2.77:0.01:2.76:2.76,0.11006951902551425:0.073367365903421397:0.074567484501688736:0.098251934273079405:0.60472296845307305:0.15728652355554509:0.014719495512922664:0.059415201349872798:0.46645678374035671:0.065490298098431682:0.05659236926018555,0.95248973283680904:0.95248973283680904:0.71124974042813871:0.96807023826944083:0.98390560434903551:0.98390560434903551:0.011353973461273164:0.011171238120176872:0.98390560434903551:0.011353973461273164:0.011353973461273164,90.0857
