id2,seq2,E,ED1,ED2,Pu1,Pu2,subseqDB,hybridDB,E_hybrid,seedStart1,seedEnd1,seedStart2,seedEnd2,seedE,seedED1,seedED2,seedPu1,seedPu2,P_E
A-16-16,UAACAACCAGGGCUAGCUACAACGA,-14.97,0.82,0.82,0.248237,0.248237,11GGCUAGCU&11GGCUAGCU,11||||||||&11||||||||,-16.61,12:13:11:14,16:17:15:18,13:12:14:11,17:16:18:15,-7.11:-7.11:-5.71:-5.71,0.05:0.55:0.28:0.55,0.55:0.05:0.55:0.28,0.9185474548123862:0.39275125313980064:0.62139670996110385:0.39275125313980064,0.39275125313980064:0.9185474548123862:0.39275125313980064:0.62139670996110385,0.80552
