id2,seq2,E,ED1,ED2,Pu1,Pu2,subseqDB,hybridDB,E_hybrid,seedStart1,seedEnd1,seedStart2,seedEnd2,seedE,seedED1,seedED2,seedPu1,seedPu2,P_E
A-15-16,AACAACCAGUGGCUAGCUACAACGA,-17.04,2.38,2.38,0.0210338,0.0210338,9GUGGCUAGCUAC&9GUGGCUAGCUAC,9||||||||||||&9||||||||||||,-21.8,12:13:9:16:11:14:10:15,16:17:13:20:15:18:14:19,13:12:16:9:14:11:15:10,17:16:20:13:18:15:19:14,-2.82:-2.82:-2.59:-2.59:-1.04:-1.04:-0.49:-0.49,1.64:1.63:2.36:2.1:1.78:1.78:2.35:1.79,1.63:1.64:2.1:2.36:1.78:1.78:1.79:2.35,0.069881662748290288:0.071024763391326434:0.021727537172974109:0.033129982697437929:0.05568154927848664:0.05568154927848664:0.02208294888954242:0.054785388393940003,0.071024763391326434:0.069881662748290288:0.033129982697437929:0.021727537172974109:0.05568154927848664:0.05568154927848664:0.054785388393940003:0.02208294888954242,0.961363
