id2,seq2,E,ED1,ED2,Pu1,Pu2,subseqDB,hybridDB,E_hybrid,seedStart1,seedEnd1,seedStart2,seedEnd2,seedE,seedED1,seedED2,seedPu1,seedPu2,P_E
A-15-16,AACAACCAGUGGCUAGCUACAACGA,-11.99,5.5,2.37,0.000133165,0.0213778,14CCACUGGUUGUU&1AACAACCAGUGG,14||||||||||||&1||||||||||||,-19.86,19:14:15:16:17:18:20,23:18:19:20:21:22:24,3:8:7:6:5:4:2,7:12:11:10:9:8:6,-2.75:-2.12:-1.38:-1.02:-1:-0.43:-0.11,3.94:1.73:1.68:2.93:2.96:3.13:2.97,0.02:2.36:2.35:2.26:2.02:0.04:0.01,0.0016736056200858797:0.060387095151452713:0.065490298098431682:0.008617003282123132:0.008207607154043367:0.006229094864982924:0.0080755106771585074,0.96807023826944083:0.021727537172974109:0.02208294888954242:0.025555016066203536:0.037721915200620834:0.93715998622305208:0.98390560434903551,0.560974
