id2,seq2,E,ED1,ED2,Pu1,Pu2,subseqDB,hybridDB,E_hybrid,seedStart1,seedEnd1,seedStart2,seedEnd2,seedE,seedED1,seedED2,seedPu1,seedPu2,P_E
A-16-16,UAACAACCAGGGCUAGCUACAACGA,-13.79,5.5,0.86,8.73325e-05,0.231925,14CCACUGGUUGUUA&1UAACAACCAGGG,14||.||||||||||&1||||||||||||,-20.15,17:19:18:20:22,21:23:22:24:26,6:4:5:3:1,10:8:9:7:5,-4.45:-4.4:-2.09:-1.62:-0.48,2.82:3.76:2.99:2.84:2.82,0.51:0.04:0.25:0.03:0.02,0.0082971727892835589:0.0016797327090099996:0.0062154928047363439:0.0080199336191963764:0.0082971727892835589,0.42037443915116202:0.93428909220280065:0.653894960989297:0.95030050242469288:0.96658630871888551,39.3727
