Statistic,Value
Skewness,0.19636876595718308
Kurtosis,2.0004907585429157
