Statistic,Value
Skewness,0.6193770697759527
Kurtosis,4.922702335085392
