Statistic,Value
Skewness,-0.3070614928177455
Kurtosis,2.214999909444405
