Statistic,Value
Skewness,0.028971532182264597
Kurtosis,0.7499667601645505
