Statistic,Value
Skewness,0.8610910501264711
Kurtosis,2.332846578299095
