Metric,Value
MAE,0.0876623188405797
MSE,0.01774984014492753
RMSE,0.13322852601799484
R² Score,-0.22829211647025294
