Metric,Value
MAE,0.08013517598343686
MSE,0.01451666452257715
RMSE,0.1204851215817835
R² Score,-0.5937480351243802
