Metric,Value
MAE,0.10119347826086958
MSE,0.024525925434782617
RMSE,0.15660755229165232
R² Score,-0.3158299160251927
