Metric,Value
MAE,0.08788043478260868
MSE,0.016523550217391297
RMSE,0.1285439621973405
R² Score,-0.18074383638899416
