Metric,Value
MAE,0.0698132194616977
MSE,0.008336421776510892
RMSE,0.09130400745044487
R² Score,-0.3168306605177069
