Metric,Value
MAE,0.06532856107660455
MSE,0.00781970145066056
RMSE,0.08842907582159026
R² Score,-0.3045885747082968
