Statistic,Value
Skewness,9.098862527486931
Kurtosis,96.67760296505494
