Statistic,Pu2_1
Min,1.59821e-13
Max,0.815537
Mean,0.012335501150902792
Median,2.16791e-05
