Metric,Mean,Std
Accuracy,0.4222222222222222,0.08314794192830981
Precision,0.4222222222222222,0.09196080754026026
Recall,0.4222222222222222,0.10886621079036347
F1,0.41942110177404296,0.09272305747661094
