,E_1,ED1_1,ED2_1,Pu1_1,Pu2_1,E_hybrid_1,P_E_1,seedNumber_1,seedEbest_1,E_2,ED1_2,ED2_2,Pu1_2,Pu2_2,E_hybrid_2,P_E_2,seedNumber_2,seedEbest_2,E_3,ED1_3,ED2_3,Pu1_3,Pu2_3,E_hybrid_3,P_E_3,seedNumber_3,seedEbest_3,E_diff_12,pumin1_4u,pumin5_8u,pumin1_4d,pumin5_8d
mean,-12.992786106946529,5.55744127936032,4.0183333333333335,0.016126352892149427,0.06758272413712534,-22.568560719640182,2026504.0804905284,7.068465767116442,-4.267336331834083,-14.0954047976012,5.0776811594202895,3.802168915542229,0.028218073748282866,0.07071447339056684,-22.975254872563717,51.624705224887556,6.538230884557721,-4.557618690654672,-8.288773113443279,85209.98407546227,85209.96744627687,0.1015622188913061,0.10500600202082781,-13.618105947026486,29.49444705522239,3.1736631684157923,-3.162816091954023,-1.1026186906546727,0.2670485421646927,0.2707341738955772,0.2592622226450775,0.272256828540045
std,3.860368259370134,2.704420756237548,2.4959521132416453,0.0665283553541638,0.1667862084853222,6.236186140025249,125691026.35060307,2.444446003880236,1.7811875516213405,3.2342232372812223,2.6007300650148384,2.437806579329812,0.11214109661539762,0.1593611955136313,5.400535880869357,899.7025184293993,2.543038715235942,1.7820935124758976,3.847050470122121,279223.8640661549,279223.86914195016,0.17975204566456518,0.18474678580699005,6.016204158990032,501.5380073975017,1.4274335826333737,1.9571874194905725,1.9571152275803738,0.23532491675035844,0.23597947010154618,0.22449212037882146,0.2353616901625082
