Statistic,Value
Skewness,3.0544300461813534
Kurtosis,9.092188390342253
