Statistic,Pu1_1
Min,2.87126e-10
Max,0.0511159
Mean,0.0038683906313231545
Median,0.000323155
