Metric,Mean,Std
Accuracy,0.7119047619047619,0.06581083314802502
Precision,0.6927738927738927,0.07317119908135576
Recall,0.7690909090909092,0.04656817627223893
F1,0.7281385281385282,0.05797634300530983
