Statistic,Value
Skewness,-0.829504939562766
Kurtosis,0.271991553814678
