Statistic,Value
Skewness,1.2783835963044792
Kurtosis,3.4154990357775397
