Statistic,Value
Skewness,-0.7808193687306016
Kurtosis,0.13092024100767086
