Statistic,Value
Skewness,-0.2684480439112892
Kurtosis,-0.8137992744122378
