Statistic,Value
Skewness,-0.28217207287643314
Kurtosis,0.8757837018124368
