Statistic,Value
Skewness,-0.034998341736073996
Kurtosis,-0.5762476975575752
