Statistic,Value
Skewness,0.24577245375412743
Kurtosis,-1.1415805391236735
