Statistic,Value
Skewness,-0.603486830518716
Kurtosis,0.5106644085797885
