Statistic,Value
Skewness,2.5781274910492078e-11
Kurtosis,3.33767519443754
