Statistic,Value
Skewness,0.21667243050369678
Kurtosis,-1.3291491167849738
