Statistic,Value
Skewness,-0.4225489718399802
Kurtosis,0.09805053278765419
