Statistic,Value
Skewness,2.589462975077049
Kurtosis,5.43780082591763
