Statistic,Value
Skewness,-0.9961936911849927
Kurtosis,0.772438103969312
