Statistic,Value
Skewness,6.309560676337124
Kurtosis,40.38339312660335
