Statistic,Pu2_1
Min,1.59821e-13
Max,0.815537
Mean,0.02281204244023884
Median,2.380375e-05
