Statistic,Value
Skewness,1.4449481042726862e-05
Kurtosis,0.14259469545921943
