Statistic,Value
Skewness,0.8416729366488493
Kurtosis,5.291190991726742
