Statistic,Value
Skewness,0.05304993114604509
Kurtosis,0.1224052725231477
