Statistic,Value
Skewness,-0.000962374321882489
Kurtosis,0.14303748747200196
