Statistic,Value
Skewness,0.01129708907671668
Kurtosis,0.1528427948695681
