Statistic,Value
Skewness,-0.02408452775576852
Kurtosis,-0.31467632126493283
