Statistic,Value
Skewness,-1.122293927376115
Kurtosis,2.8627733913891067
