Statistic,Value
Skewness,2.5781600907738585e-11
Kurtosis,3.3376751944375354
