Statistic,Value
Skewness,0.23277749628470953
Kurtosis,-1.0130401059433378
