Statistic,Value
Skewness,0.19290822084615245
Kurtosis,1.2795581800569664
