Statistic,Value
Skewness,0.8327651738166406
Kurtosis,0.3498527690285478
