Statistic,Value
Skewness,1.3755082938185834
Kurtosis,1.26891699279299
