Statistic,Value
Skewness,2.085453466304505
Kurtosis,2.349116160811791
