Statistic,Value
Skewness,1.8787677860931316
Kurtosis,1.9462760754777602
