Statistic,Value
Skewness,1.1050376449240484
Kurtosis,0.10954857165384668
