Statistic,pumin5_8u
Min,0.004233709
Max,0.9554258
Mean,0.27134841278414096
Median,0.1772155
