id2,seq2,E,ED1,ED2,Pu1,Pu2,subseqDB,hybridDB,E_hybrid,seedStart1,seedEnd1,seedStart2,seedEnd2,seedE,seedED1,seedED2,seedPu1,seedPu2,P_E
AU-390-391,CAUUUGGUUGCAUUCAGGCUAGCUACAACGAUUGGUGAC,-17.87,7.62,7.87,2.38058e-06,1.55665e-06,382GUCACCAAAUGAAUGCAACCA&5UGGUUGCAUUCAGGCUAGCUACAACGAUUGGUGAC,382|||||||..||||||||||||&5||||||||||||................|||||||,-33.36,383:384:382:392:391:396:393:394:395,387:388:386:396:395:400:397:398:399,34:33:35:11:12:7:10:9:8,38:37:39:15:16:11:14:13:12,-5.99:-5.46:-4.34:-1.81:-1.64:-1.64:-0.87:-0.79:-0.3,2:1.75:1.94:1.8:1.79:2.05:1.74:2.08:2.12,1.11:1.11:0.74:1.67:0.03:3.93:2.48:2.94:2.97,0.033424423481757073:0.05111589089352863:0.037011953456152595:0.046952371480718354:0.047757019300052266:0.030701919117739323:0.05199189116451982:0.029176049162989943:0.027258864486554152,0.15165456177407496:0.15165456177407496:0.28438301371553037:0.058558963015453831:0.95030050242469288:0.0012583041033225777:0.014785610698136007:0.0067666539950359582:0.0064303546912167255,0.870688
