id2,seq2,E,ED1,ED2,Pu1,Pu2,subseqDB,hybridDB,E_hybrid,seedStart1,seedEnd1,seedStart2,seedEnd2,seedE,seedED1,seedED2,seedPu1,seedPu2,P_E
AU-283-284,UGGAAUUUAAGGGAAAGGCUAGCUACAACGAACAAAAUU,-25.09,1.98,2.93,0.0345799,0.00688262,281GUAUUUCCCUUAAAUUCCA&1UGGAAUUUAAGGGAAAGGC,281||.||||||||||||||||&1||||||||||||||||.||,-30,286:287:285:294:295:288:284:293:289,290:291:289:298:299:292:288:297:293,10:9:11:2:1:8:12:3:7,14:13:15:6:5:12:16:7:11,-5.92:-5.7:-5.15:-4.78:-3.98:-3.17:-2.07:-1.63:-0.73,1.02:0.8:1.23:0.4:0.41:0.69:1.21:0.38:0.72,1.58:0.03:2.18:1.79:1.76:1.64:2.14:1.68:2.06,0.17671466909165404:0.2568180653503474:0.12367995368487215:0.50677220262199407:0.49823370600484052:0.30960078570313582:0.12795541646849698:0.52429068987504124:0.29421378220476962,0.068235519265437194:0.95030050242469288:0.024616691234895034:0.047757019300052266:0.050254650164027262:0.061621521682920885:0.026348045203926702:0.05757231555329137:0.030184629039138693,3.10227
