id2,seq2,E,ED1,ED2,Pu1,Pu2,subseqDB,hybridDB,E_hybrid,seedStart1,seedEnd1,seedStart2,seedEnd2,seedE,seedED1,seedED2,seedPu1,seedPu2,P_E
AU-211-212,CAAAAGGUGUCUGCAAGGCUAGCUACAACGAUCAUAGCU,-27.25,8.51,6.98,5.24677e-07,7.0629e-06,203AGCUAUGAAUUGCAGACACCUUUUG&1CAAAAGGUGUCUGCAAGGCUAGCU,203|||||.|..||||||||||||||||&1||||||||||||||||..||||||,-42.74,215:218:214:217:219:213:220:221:216:212:222:223,219:222:218:221:223:217:224:225:220:216:226:227,9:6:10:7:5:11:4:3:8:12:2:1,13:10:14:11:9:15:8:7:12:16:6:5,-5.08:-4.84:-4.83:-4.82:-4.74:-4.11:-3.2:-3.12:-2.54:-2.09:-0.2:-0.07,1.88:1.52:1.94:1.92:1.22:2.42:1.55:2.27:1.54:1.71:2.54:3.02,1.58:1.83:1.6:1.79:1.82:1.14:0.17:0.16:1.77:0.99:0.12:0.04,0.040984542317927614:0.0755594143452374:0.037011953456152595:0.038291410836563872:0.12579952298221256:0.016372588603626507:0.07180414941519464:0.02112577037744081:0.073034695400923846:0.054711000396045734:0.013352456902777803:0.0059065859351580098,0.068235519265437194:0.04461886220815748:0.065955518690295312:0.047757019300052266:0.045383519435145431:0.14411740624890013:0.74910972238207862:0.7619476150283343:0.049407920295653149:0.18595661965953542:0.81553731215235337:0.93428909220280065,4.87995
