id2,seq2,E,ED1,ED2,Pu1,Pu2,subseqDB,hybridDB,E_hybrid,seedStart1,seedEnd1,seedStart2,seedEnd2,seedE,seedED1,seedED2,seedPu1,seedPu2,P_E
AU-21-22,GCCACAGAAGUUGUUAGGCUAGCUACAACGACGACAUAG,-16.12,3.25,9.42,0.0039958,1.11774e-07,13CUAUGUCGAUAACAACUUCUG&5CAGAAGUUGUUAGGCUAGCUACAACGACGACAUAG,13||||||||.||||||||||||&5||||||||||||...............||||||||,-28.79,16:15:13:14:29:24:27:28:25,20:19:17:18:33:28:31:32:29,32:33:35:34:5:10:7:6:9,36:37:39:38:9:14:11:10:13,-4.76:-4.41:-4.34:-3.07:-2.56:-1.04:-0.68:-0.65:-0.59,1.42:0.77:0.53:0.5:0.95:0.15:0.34:0.38:0.15,1.64:0.5:0.48:0.48:0.99:4.97:3.78:4.45:4.91,0.089554082091194351:0.27024932081491682:0.40632817741889343:0.42757862000719421:0.19903541763620519:0.775005517484465:0.56116537616735496:0.52429068987504124:0.775005517484465,0.061621521682920885:0.42757862000719421:0.44235948321460022:0.44235948321460022:0.18595661965953542:0.00021493089833713103:0.0016236066388363496:0.00052004656648075231:0.00023799998853786604,0.913028
