id2,seq2,E,ED1,ED2,Pu1,Pu2,subseqDB,hybridDB,E_hybrid,seedStart1,seedEnd1,seedStart2,seedEnd2,seedE,seedED1,seedED2,seedPu1,seedPu2,P_E
AU-302-303,GGUUGAAUAGUCUUGAGGCUAGCUACAACGAUAUGGAAU,-15.96,2.4,9.9,0.0169386,4.94443e-08,294AUUCCAUAAUCAAGACUAUUC&5GAAUAGUCUUGAGGCUAGCUACAACGAUAUGGAAU,294||||||||.||||||||||||&5||||||||||||...............||||||||,-28.26,296:297:294:295:303:304,300:301:298:299:307:308,33:32:35:34:12:11,37:36:39:38:16:15,-6.57:-6.24:-5.94:-5.77:-2.27:-1,0.4:0.42:0.4:0.41:0.65:0.64,0:0:0:0:2.23:4.15,0.50677220262199407:0.48983907269373245:0.50677220262199407:0.49823370600484052:0.33137578966396897:0.33705475322053108,1:1:1:1:0.022611599079715217:0.00086583003003304381,0.828232
