id2,seq2,E,ED1,ED2,Pu1,Pu2,subseqDB,hybridDB,E_hybrid,seedStart1,seedEnd1,seedStart2,seedEnd2,seedE,seedED1,seedED2,seedPu1,seedPu2,P_E
AU-567-568,GUGACAUGCUGGACAAGGCUAGCUACAACGAAAAUUUUA,-10.9,5.07,9.23,0.000181344,1.54367e-07,568UUGUCCAGCAUG&5CAUGCUGGACAA,568||||||||||||&5||||||||||||,-25.2,569:570:568,573:574:572,11:10:12,15:14:16,-2.63:-1:-0.86,2.36:2.47:0.93,2.83:5.09:2.74,0.018129900959545375:0.015038999590551393:0.20591582545795303,0.0081573754968774451:0.00017528416712835472:0.0095053382814462104,0.65235
