id2,seq2,E,ED1,ED2,Pu1,Pu2,subseqDB,hybridDB,E_hybrid,seedStart1,seedEnd1,seedStart2,seedEnd2,seedE,seedED1,seedED2,seedPu1,seedPu2,P_E
AU-390-391,CAUUUGGUUGCAUUCAGGCUAGCUACAACGAUUGGUGAC,-12.17,2.13,2.13,0.0267996,0.0267996,17GGCUAGCU&17GGCUAGCU,17||||||||&17||||||||,-16.43,18:19:17:20,22:23:21:24,19:18:20:17,23:22:24:21,-4.18:-4.18:-3.1:-3.1,1.69:1.92:1.72:1.89,1.92:1.69:1.89:1.72,0.056602291903513242:0.038291410836563872:0.053789186434297774:0.040294002516954676,0.038291410836563872:0.056602291903513242:0.040294002516954676:0.053789186434297774,0.936039
