id2,seq2,E,ED1,ED2,Pu1,Pu2,subseqDB,hybridDB,E_hybrid,seedStart1,seedEnd1,seedStart2,seedEnd2,seedE,seedED1,seedED2,seedPu1,seedPu2,P_E
AU-487-488,UCUCAGUGCCACAAAAGGCUAGCUACAACGAUCGCAAGU,-17.96,7.03,7.67,6.48761e-06,2.18668e-06,479ACUUGCGAAUUUUGUGGCACU&5AGUGCCACAAAAGGCUAGCUACAACGAUCGCAAGU,479||||||||.||||||||||||&5||||||||||||...............||||||||,-32.66,482:481:480:494:492:479:495:489:493,486:485:484:498:496:483:499:493:497,32:33:34:6:8:35:5:11:7,36:37:38:10:12:39:9:15:11,-7.89:-6.69:-5.47:-3.27:-2.58:-2.22:-1.23:-0.45:-0.36,0.23:0.23:2.37:3.47:3.9:2.22:3.18:2.46:3.54,0.28:0.29:0.69:4.11:4.09:0.69:4.08:0:4.1,0.67649929974279277:0.67649929974279277:0.017824434130047861:0.0027494821850272354:0.0013241117942293134:0.022999106106886717:0.004500509066253551:0.015296730943492121:0.0024411425879416141,0.62139670996110385:0.61092692949867611:0.30960078570313582:0.00092672603935860102:0.00095876181050700508:0.30960078570313582:0.00097519262274833971:1:0.00094260783751220741,0.545876
