id2,seq2,E,ED1,ED2,Pu1,Pu2,subseqDB,hybridDB,E_hybrid,seedStart1,seedEnd1,seedStart2,seedEnd2,seedE,seedED1,seedED2,seedPu1,seedPu2,P_E
AU-247-248,CAUUGAAGGUGUCAAAGGCUAGCUACAACGAUUCUUUGC,-21.9,8.12,6.89,1.01789e-06,8.23001e-06,239GCAAAGAAAUUUGACACCUUCAAUG&1CAUUGAAGGUGUCAAAGGCUAGCUACAACGAUUCUUUGC,239|||||||..||||||||||||||||&1||||||||||||||||................|||||||,-36.91,255:240:253:252:239:254:256:251:241:259:258:257,259:244:257:256:243:258:260:255:245:263:262:261,5:34:7:8:35:6:4:9:33:1:2:3,9:38:11:12:39:10:8:13:37:5:6:7,-5.93:-5.07:-4.49:-4.02:-3.96:-3.15:-3.12:-2.27:-2.26:-1.56:-0.95:-0.75,1.13:0.22:0.92:1.64:0.2:1.15:1.14:2.4:0.22:1.56:0.67:0.93,1.85:0.85:1.95:1.97:0.84:1.85:1.66:3.56:0.84:0.89:1.63:1.76,0.14658722306558336:0.68809282886927159:0.20944471472798976:0.061621521682920885:0.71187934555091148:0.1416892028483141:0.14411740624890013:0.01693856870922034:0.68809282886927159:0.070594336635987118:0.32030330133010154:0.20591582545795303,0.043127981321019505:0.23589958027740274:0.03638834695653697:0.035172477965101166:0.2399423171374557:0.043127981321019505:0.059562519181135275:0.0023595750031349524:0.2399423171374557:0.22039840470839631:0.062677562549068894:0.050254650164027262,0.734608
