id2,seq2,E,ED1,ED2,Pu1,Pu2,subseqDB,hybridDB,E_hybrid,seedStart1,seedEnd1,seedStart2,seedEnd2,seedE,seedED1,seedED2,seedPu1,seedPu2,P_E
AU-294-295,AGUCUUGAUUAUGGAAGGCUAGCUACAACGAUUAAGGGA,-15.8,2.01,9.34,0.0328613,1.2805e-07,286UCCCUUAAAUUCCAUAAUCAA&5UUGAUUAUGGAAGGCUAGCUACAACGAUUAAGGGA,286|||||||..||||||||||||&5||||||||||||................|||||||,-27.15,287:286:288:297:296:295:298:300:299,291:290:292:301:300:299:302:304:303,34:35:33:10:11:12:9:7:8,38:39:37:14:15:16:13:11:12,-5.92:-5.88:-3.71:-3.56:-3.17:-2.47:-2.28:-1.18:-0.32,0.8:1.02:0.69:0.42:0.4:0.41:0.64:0.68:0.66,1.52:1.51:1.46:1.12:1.76:2.9:1.13:1.13:1.13,0.2568180653503474:0.17671466909165404:0.30960078570313582:0.48983907269373245:0.50677220262199407:0.49823370600484052:0.33705475322053108:0.31490657940904898:0.32579250975158802,0.0755594143452374:0.07685431630792125:0.083669402060037049:0.14909936644965871:0.050254650164027262:0.0072425698335854679:0.14658722306558336:0.14658722306558336:0.14658722306558336,0.686596
