id2,seq2,E,ED1,ED2,Pu1,Pu2,subseqDB,hybridDB,E_hybrid,seedStart1,seedEnd1,seedStart2,seedEnd2,seedE,seedED1,seedED2,seedPu1,seedPu2,P_E
AU-435-436,UGAAGUUUCACCACAAGGCUAGCUACAACGAGAUCACAC,-16.97,10.4,5.74,2.11413e-08,5.80849e-05,427GUGUGAUCAUUGUGGUGAAAC&5GUUUCACCACAAGGCUAGCUACAACGAGAUCACAC,427||||||||.||||||||||||&5||||||||||||...............||||||||,-33.11,430:427:429:428:437:438:440:439,434:431:433:432:441:442:444:443,32:35:33:34:11:10:8:9,36:39:37:38:15:14:12:13,-4.68:-4.1:-3.61:-2.85:-1.34:-1.33:-0.3:-0.24,2.4:3.61:2.54:2.87:4.32:4.27:4.33:4.73,0.05:0.06:0.06:0.06:1.83:1.84:3.1:2.72,0.01693856870922034:0.0021673816135685388:0.013352456902777803:0.0076213469477350001:0.00064860169342812087:0.00070611669547394115:0.00063767354200907559:0.00032315522543770804,0.9185474548123862:0.90307104490862367:0.90307104490862367:0.90307104490862367:0.04461886220815748:0.043867088527489016:0.0051558358732395962:0.0098339260505816532,0.983528
