id2,seq2,E,ED1,ED2,Pu1,Pu2,subseqDB,hybridDB,E_hybrid,seedStart1,seedEnd1,seedStart2,seedEnd2,seedE,seedED1,seedED2,seedPu1,seedPu2,P_E
AU-97-98,GUUCGGACAAAGUGCAGGCUAGCUACAACGAGAAGCUUU,-16.66,8.27,4.03,7.88868e-07,0.00106167,91AGCUUCAUGCACUUUGUCC&5GGACAAAGUGCAGGCU,91||||...||||||||||||&5||||||||||||||||,-28.96,99:105:98:104:100,103:109:102:108:104,11:5:12:6:10,15:9:16:10:14,-3.5:-3.29:-2.83:-1.55:-1.08,2.06:3.49:2.16:3.51:1.93,2.77:1.18:3.14:1.09:2.53,0.030184629039138693:0.0026576118361138095:0.02546765975562185:0.0025688112146768694:0.037646247032782944,0.0090329277445750054:0.13464732065490712:0.0048170412175556577:0.15689707210427808:0.013581285074619616,1.43362
