id2,seq2,E,ED1,ED2,Pu1,Pu2,subseqDB,hybridDB,E_hybrid,seedStart1,seedEnd1,seedStart2,seedEnd2,seedE,seedED1,seedED2,seedPu1,seedPu2,P_E
AU-230-231,UUCUUUGCCAAUUUAAGGCUAGCUACAACGAUUCAAAAG,-11.53,5.43,5.61,9.83634e-05,7.24435e-05,222CUUUUGAAAUUAAAUUGGCAA&5UUGCCAAUUUAAGGCUAGCUACAACGAUUCAAAAG,222|||||||..||||||||||||&5||||||||||||................|||||||,-22.57,238:237:236:224:232:223:235,242:241:240:228:236:227:239,5:6:7:33:11:34:8,9:10:11:37:15:38:12,-2.5:-2.25:-2.18:-0.92:-0.46:-0.41:-0.15,0.2:1.63:1.58:2.69:0.86:3.02:1.48,4.81:4.64:4.33:0.01:0:0.01:3.71,0.71187934555091148:0.062677562549068894:0.068235519265437194:0.010348227771626334:0.23192495862734949:0.0059065859351580098:0.080873698489927537,0.00028208093850275862:0.00037655490253921044:0.00063767354200907559:0.9831512135571443:1:0.9831512135571443:0.0018286836463480114,15.3628
