id2,seq2,E,ED1,ED2,Pu1,Pu2,subseqDB,hybridDB,E_hybrid,seedStart1,seedEnd1,seedStart2,seedEnd2,seedE,seedED1,seedED2,seedPu1,seedPu2,P_E
AU-276-277,UAAGGGAAAUACAAAAGGCUAGCUACAACGAUUGGACAU,-12.45,1.99,1.99,0.0339972,0.0339972,17GGCUAGCU&17GGCUAGCU,17||||||||&17||||||||,-16.43,18:19:17:20,22:23:21:24,19:18:20:17,23:22:24:21,-5.13:-5.13:-3.99:-3.99,1.09:1.35:1.62:1.34,1.35:1.09:1.34:1.62,0.15689707210427808:0.10086561699528819:0.063751701350492018:0.10259420484296183,0.10086561699528819:0.15689707210427808:0.10259420484296183:0.063751701350492018,0.497288
