id2,seq2,E,ED1,ED2,Pu1,Pu2,subseqDB,hybridDB,E_hybrid,seedStart1,seedEnd1,seedStart2,seedEnd2,seedE,seedED1,seedED2,seedPu1,seedPu2,P_E
AU-372-373,UGGUGACGCAACUGGAGGCUAGCUACAACGAAGACAGAU,-22.88,8.26,5.68,8.02387e-07,6.43193e-05,364AUCUGUCUAUCCAGUUGCGUC&5GACGCAACUGGAGGCUAGCUACAACGAAGACAGAU,364||||||||.||||||||||||&5||||||||||||...............||||||||,-36.82,366:380:364:367:365:373:374:379:377:378:375,370:384:368:371:369:377:378:383:381:382:379,33:5:35:32:34:12:11:6:8:7:10,37:9:39:36:38:16:15:10:12:11:14,-6.35:-4.83:-4.67:-4.61:-4.2:-3.12:-2.91:-2.51:-2.39:-1.23:-0.7,1.76:3.36:0.26:1.7:1.68:4.76:4.4:3.28:2.16:3.04:4.66,0.1:1.37:0.07:0.06:0.07:0.14:0.14:1.37:1.63:2.22:0.12,0.050254650164027262:0.0033145715181677553:0.64287762443552887:0.055648611975054774:0.05757231555329137:0.00030709457309461907:0.00056616189371181931:0.0037972119345186886:0.02546765975562185:0.005709225096195268:0.00036397281327537484,0.84372942674231266:0.09749532440812847:0.8878553937302317:0.90307104490862367:0.8878553937302317:0.78828720017586473:0.78828720017586473:0.09749532440812847:0.062677562549068894:0.022999106106886717:0.81553731215235337,0.854935
