id2,seq2,E,ED1,ED2,Pu1,Pu2,subseqDB,hybridDB,E_hybrid,seedStart1,seedEnd1,seedStart2,seedEnd2,seedE,seedED1,seedED2,seedPu1,seedPu2,P_E
AU-487-488,UCUCAGUGCCACAAAAGGCUAGCUACAACGAUCGCAAGU,-25.04,10.51,7.67,1.7537e-08,2.18668e-06,479ACUUGCGAAUUUUGUGGCACUGAGA&1UCUCAGUGCCACAAAAGGCUAGCUACAACGAUCGCAAGU,479||||||||.||||||||||||||||&1||||||||||||||||...............||||||||,-43.22,482:498:481:499:480:497:494:492:479:496:495:489:493,486:502:485:503:484:501:498:496:483:500:499:493:497,32:2:33:1:34:3:6:8:35:4:5:11:7,36:6:37:5:38:7:10:12:39:8:9:15:11,-7.89:-7.6:-6.69:-5.51:-5.47:-4.32:-3.27:-2.58:-2.22:-1.48:-1.23:-0.45:-0.36,0.23:1.13:0.23:1.13:2.37:0.9:3.47:3.9:2.22:2.78:3.18:2.46:3.54,0.28:0.41:0.29:0.36:0.69:0.41:4.11:4.09:0.69:3.29:4.08:0:4.1,0.67649929974279277:0.14658722306558336:0.67649929974279277:0.14658722306558336:0.017824434130047861:0.21668495905511845:0.0027494821850272354:0.0013241117942293134:0.022999106106886717:0.0088807338740529203:0.004500509066253551:0.015296730943492121:0.0024411425879416141,0.62139670996110385:0.49823370600484052:0.61092692949867611:0.54241476953044854:0.30960078570313582:0.49823370600484052:0.00092672603935860102:0.00095876181050700508:0.30960078570313582:0.003733233521555719:0.00097519262274833971:1:0.00094260783751220741,0.771903
