id2,seq2,E,ED1,ED2,Pu1,Pu2,subseqDB,hybridDB,E_hybrid,seedStart1,seedEnd1,seedStart2,seedEnd2,seedE,seedED1,seedED2,seedPu1,seedPu2,P_E
AU-207-208,AGGUGUCUGCAAUUCAGGCUAGCUACAACGAAGCUCUUU,-24.79,6.51,6.36,1.56974e-05,2.02546e-05,203AGCUAUGAAUUGCAGACACCU&1AGGUGUCUGCAAUUCAGGCU,203||||.||||||||||||||||&1||||||||||||||||||||,-37.66,218:219:217:215:214:213:211,222:223:221:219:218:217:215,2:1:3:5:6:7:9,6:5:7:9:10:11:13,-2.13:-1.9:-1.83:-1.6:-1.29:-1.01:-0.23,1.52:1.22:1.92:1.88:1.94:2.42:2.04,4.32:4:4.81:5.11:5.11:4.83:2.88,0.0755594143452374:0.12579952298221256:0.038291410836563872:0.040984542317927614:0.037011953456152595:0.016372588603626507:0.031228074272172782,0.00064860169342812087:0.0011171920850878334:0.00028208093850275862:0.00016942727608146047:0.00016942727608146047:0.00027265557310734019:0.0074929365006057066,5.54822
