id2,seq2,E,ED1,ED2,Pu1,Pu2,subseqDB,hybridDB,E_hybrid,seedStart1,seedEnd1,seedStart2,seedEnd2,seedE,seedED1,seedED2,seedPu1,seedPu2,P_E
AU-394-395,GGCACAUUUGGUUGCAGGCUAGCUACAACGAUCAUUUGG,-12.59,10.91,10.91,8.88728e-09,8.88728e-09,5CAUUUGGUUGCAGGCUAGCUACAACGAUCAUUUG&5CAUUUGGUUGCAGGCUAGCUACAACGAUCAUUUG,5||..||||||..||||||||....||||||..||&5||..||||||..||||||||....||||||..||,-34.41,18:19:17:20,22:23:21:24,19:18:20:17,23:22:24:21,-7.68:-7.68:-4.53:-4.53,0.01:0.02:2.39:0.02,0.02:0.01:0.02:2.39,0.9831512135571443:0.96658630871888551:0.017228853990765885:0.96658630871888551,0.96658630871888551:0.9831512135571443:0.96658630871888551:0.017228853990765885,4.72706
