id2,seq2,E,ED1,ED2,Pu1,Pu2,subseqDB,hybridDB,E_hybrid,seedStart1,seedEnd1,seedStart2,seedEnd2,seedE,seedED1,seedED2,seedPu1,seedPu2,P_E
AU-268-269,AUACAAAAUUUGGACAGGCUAGCUACAACGAUCCCCAUU,-21.02,11.28,3.73,4.73937e-09,0.00176758,260AAUGGGGAAUGUCCAAAUUUUGUAU&1AUACAAAAUUUGGACAGGCUAGCUACAACGAUCCCCAUU,260||||||||.||||||||||||||||&1||||||||||||||||...............||||||||,-36.03,263:270:269:262:261:271:272:280:279:278:260:277,267:274:273:266:265:275:276:284:283:282:264:281,32:11:12:33:34:10:9:1:2:3:35:4,36:15:16:37:38:14:13:5:6:7:39:8,-4.84:-4.5:-4.13:-3.94:-2.69:-2.22:-1.95:-1.66:-1.52:-1.27:-1.24:-0.62,4.85:2.05:2.4:4.81:3.04:1.64:1.54:1.7:1.98:2.01:2.67:1.78,1.93:2.08:2.11:1.91:1.88:2.09:2.09:0.01:0.01:0.09:0.35:0.12,0.00026354514396145648:0.030701919117739323:0.01693856870922034:0.00028208093850275862:0.005709225096195268:0.061621521682920885:0.073034695400923846:0.055648611975054774:0.034579864395201117:0.032861262508537388:0.010705953186262159:0.048575456798006053,0.037646247032782944:0.029176049162989943:0.027726014178356899:0.03894763115637271:0.040984542317927614:0.028684468141396482:0.028684468141396482:0.9831512135571443:0.9831512135571443:0.85818886770185743:0.55171042058518638:0.81553731215235337,0.490749
