id2,seq2,E,ED1,ED2,Pu1,Pu2,subseqDB,hybridDB,E_hybrid,seedStart1,seedEnd1,seedStart2,seedEnd2,seedE,seedED1,seedED2,seedPu1,seedPu2,P_E
AU-451-452,AAUCGCCCGUCUGCCAGGCUAGCUACAACGAGAAGUUUC,-29.59,8.83,7.59,3.04609e-07,2.50509e-06,443GAAACUUCAUGGCAGACGGGCGAUU&1AAUCGCCCGUCUGCCAGGCUAGCUACAACGAGAAGUUUC,443||||||||.||||||||||||||||&1||||||||||||||||...............||||||||,-46.01,460:461:459:453:457:455:454:462:456:452:446:458:443:463,464:465:463:457:461:459:458:466:460:456:450:462:447:467,4:3:5:11:7:9:10:2:8:12:32:6:35:1,8:7:9:15:11:13:14:6:12:16:36:10:39:5,-7.76:-6.35:-5.86:-4.54:-4.28:-4:-3.74:-3.54:-3.27:-2.85:-2.59:-2.04:-0.33:-0.07,1.55:1.53:1.55:4.34:1.41:2.3:2.71:1.43:1.37:3.52:2.49:3:3.29:2,2.48:2.45:4.26:1.34:3.45:1.34:0.78:2.35:1.52:0.92:1.29:4.07:1.27:2.29,0.07180414941519464:0.074286329909187265:0.07180414941519464:0.00062692951667950563:0.091088818135287936:0.020075830203790699:0.010002455283558549:0.088045204486953854:0.09749532440812847:0.0025255298631087653:0.014536491101055905:0.0061107692938322331:0.003733233521555719:0.033424423481757073,0.014785610698136007:0.015558879176019053:0.00071821779369944173:0.10259420484296183:0.0028445283780932106:0.10259420484296183:0.26569594772217947:0.018440602736937574:0.0755594143452374:0.20944471472798976:0.11169178500844767:0.00099190501857795597:0.11555283165192362:0.020419880407973292,0.684035
