id2,seq2,E,ED1,ED2,Pu1,Pu2,subseqDB,hybridDB,E_hybrid,seedStart1,seedEnd1,seedStart2,seedEnd2,seedE,seedED1,seedED2,seedPu1,seedPu2,P_E
AU-465-466,AGUGGCUUUAACAAAAGGCUAGCUACAACGACGCCCGUC,-13.96,3.72,1.95,0.00179787,0.0363883,457GACGGGCG&32CGCCCGUC,457||||||||&32||||||||,-19.63,460:459:457:458,464:463:461:462,32:33:35:34,36:37:39:38,-9.49:-8.37:-4.91:-4.51,1.55:1.55:1.41:3,1.89:1.92:1.92:1.94,0.07180414941519464:0.07180414941519464:0.091088818135287936:0.0061107692938322331,0.040294002516954676:0.038291410836563872:0.038291410836563872:0.037011953456152595,0.427324
