id2,seq2,E,ED1,ED2,Pu1,Pu2,subseqDB,hybridDB,E_hybrid,seedStart1,seedEnd1,seedStart2,seedEnd2,seedE,seedED1,seedED2,seedPu1,seedPu2,P_E
AU-404-405,AGAGUUGAAAGGCACAGGCUAGCUACAACGAUUGGUUGC,-24.79,3.1,4.43,0.00515584,0.000538024,405UGUGCCUUUCAACUCU&1AGAGUUGAAAGGCACA,405||||||||||||||||&1||||||||||||||||,-32.32,406:408:407:405:413:414:416:415:409:410:412:411,410:412:411:409:417:418:420:419:413:414:416:415,11:9:10:12:4:3:1:2:8:7:5:6,15:13:14:16:8:7:5:6:12:11:9:10,-6.91:-4.62:-4.32:-4.18:-3.95:-3.76:-3.59:-3.32:-1.61:-1.6:-1.12:-0.87,1.66:1.31:1.56:1.3:1.44:1.45:1:0.74:1.18:1.19:0.87:1.07,2.54:2.4:2.41:2.38:0.96:0.96:0.95:0.95:2.38:2.31:0.96:0.92,0.059562519181135275:0.10795975018553876:0.070594336635987118:0.10980991397541899:0.086561749639235616:0.08510328920544416:0.18282347628725659:0.28438301371553037:0.13464732065490712:0.13237867670408987:0.22801730452866908:0.16232080952215186,0.013352456902777803:0.01693856870922034:0.016653174382391039:0.017524114045925947:0.19568191238988819:0.19568191238988819:0.19903541763620519:0.19903541763620519:0.017524114045925947:0.019737576828023989:0.19568191238988819:0.20944471472798976,0.57907
