id2,seq2,E,ED1,ED2,Pu1,Pu2,subseqDB,hybridDB,E_hybrid,seedStart1,seedEnd1,seedStart2,seedEnd2,seedE,seedED1,seedED2,seedPu1,seedPu2,P_E
AU-504-505,ACCUUCUUUAGUCAAAGGCUAGCUACAACGAUCUCAGUG,-17.18,2.67,5.35,0.010706,0.000112686,497ACUGAGAAUUUGACUAAAGA&5UCUUUAGUCAAAGGCUAGCUACAACGAUCUCAGU,497|||||||.||||||||||||&5||||||||||||...............|||||||,-25.2,498:499:497:508:507:506:509:510,502:503:501:512:511:510:513:514,33:32:34:9:10:11:8:7,37:36:38:13:14:15:12:11,-7.37:-5.31:-4.12:-3.81:-3.19:-1.54:-1.12:-0.96,1.13:1.13:0.9:0.85:1:1.17:0.83:0.9,0.64:0.04:0.64:1.78:1.79:3.02:1.82:1.85,0.14658722306558336:0.14658722306558336:0.21668495905511845:0.23589958027740274:0.18282347628725659:0.13695484356647333:0.2440543365341728:0.21668495905511845,0.33705475322053108:0.93428909220280065:0.33705475322053108:0.048575456798006053:0.047757019300052266:0.0059065859351580098:0.045383519435145431:0.043127981321019505,0.614609
