id2,seq2,E,ED1,ED2,Pu1,Pu2,subseqDB,hybridDB,E_hybrid,seedStart1,seedEnd1,seedStart2,seedEnd2,seedE,seedED1,seedED2,seedPu1,seedPu2,P_E
AU-230-231,UUCUUUGCCAAUUUAAGGCUAGCUACAACGAUUCAAAAG,-17.61,6.68,5.61,1.17591e-05,7.24435e-05,222CUUUUGAAAUUAAAUUGGCAAAGAA&1UUCUUUGCCAAUUUAAGGCUAGCUACAACGAUUCAAAAG,222|||||||..||||||||||||||||&1||||||||||||||||................|||||||,-29.9,238:237:236:241:242:239:224:240:232:223:235,242:241:240:245:246:243:228:244:236:227:239,5:6:7:2:1:4:33:3:11:34:8,9:10:11:6:5:8:37:7:15:38:12,-2.5:-2.25:-2.18:-1.82:-1.37:-0.96:-0.92:-0.83:-0.46:-0.41:-0.15,0.2:1.63:1.58:0.22:2.09:0.2:2.69:0.22:0.86:3.02:1.48,4.81:4.64:4.33:0.28:0.28:4.82:0.01:4.14:0:0.01:3.71,0.71187934555091148:0.062677562549068894:0.068235519265437194:0.68809282886927159:0.028684468141396482:0.71187934555091148:0.010348227771626334:0.68809282886927159:0.23192495862734949:0.0059065859351580098:0.080873698489927537,0.00028208093850275862:0.00037655490253921044:0.00063767354200907559:0.62139670996110385:0.62139670996110385:0.00027732821701032521:0.9831512135571443:0.00088066822081252476:1:0.9831512135571443:0.0018286836463480114,5.53595
