id2,seq2,E,ED1,ED2,Pu1,Pu2,subseqDB,hybridDB,E_hybrid,seedStart1,seedEnd1,seedStart2,seedEnd2,seedE,seedED1,seedED2,seedPu1,seedPu2,P_E
AU-162-163,AGCAAUUUCAUGCUCAGGCUAGCUACAACGAGUUCACGG,-22.63,12.13,7.06,1.11802e-09,6.16518e-06,154CCGUGAACAUGAGCAUGAAAUUGCU&1AGCAAUUUCAUGCUCAGGCUAGCUACAACGAGUUCACGG,154||||||||.||||||||||||||||&1||||||||||||||||...............||||||||,-41.82,154:170:155:166:169:157:163:164:165:156:167:168,158:174:159:170:173:161:167:168:169:160:171:172,35:5:34:9:6:32:12:11:10:33:8:7,39:9:38:13:10:36:16:15:14:37:12:11,-4.51:-3.59:-3.21:-3.02:-2.94:-2.41:-2.41:-2.29:-0.99:-0.73:-0.56:-0.36,3.06:0.02:3.01:2.66:0.02:2.05:3.34:2.43:2.56:1.92:2.62:1.89,0.5:0:1.3:3.11:0:1.56:3.1:3.08:3.07:2.33:3.04:1.12,0.0055184588113766095:0.96658630871888551:0.0060078102469988967:0.010889426813121545:0.96658630871888551:0.030701919117739323:0.0034291521494452899:0.016096730354727251:0.012906302029984001:0.038291410836563872:0.011655307660123937:0.040294002516954676,0.42757862000719421:1:0.10980991397541899:0.0050689662956769702:1:0.070594336635987118:0.0051558358732395962:0.0053340667323057266:0.0054254794773700328:0.019078071529255121:0.005709225096195268:0.14909936644965871,0.723108
