id2,seq2,E,ED1,ED2,Pu1,Pu2,subseqDB,hybridDB,E_hybrid,seedStart1,seedEnd1,seedStart2,seedEnd2,seedE,seedED1,seedED2,seedPu1,seedPu2,P_E
AU-62-63,GCUAGAAGGUCUUUAAGGCUAGCUACAACGAGCACUCAA,-20.18,9.05,5.77,2.09599e-07,5.51981e-05,60GCAUUAAAGACCUUCUAGC&1GCUAGAAGGUCUUUAAGGC,60||.||||||||||||||||&1||||||||||||||||.||,-35,74:68:67:73:66:70:69,78:72:71:77:70:74:73,1:7:8:2:9:5:6,5:11:12:6:13:9:10,-5.73:-4.55:-4.24:-2.69:-2.08:-1.84:-1.63,2.85:1.34:1.38:2.91:1.5:2.33:0.54,1.18:2.64:2.43:1.18:2.69:3.85:2.65,0.0078848074703606556:0.10259420484296183:0.095852646507999018:0.007120541321161915:0.078171409695823146:0.019078071529255121:0.39948204073184773,0.13464732065490712:0.011265860808182149:0.016096730354727251:0.13464732065490712:0.010348227771626334:0.0014415279115870653:0.011076044725330155,166.59
