id2,seq2,E,ED1,ED2,Pu1,Pu2,subseqDB,hybridDB,E_hybrid,seedStart1,seedEnd1,seedStart2,seedEnd2,seedE,seedED1,seedED2,seedPu1,seedPu2,P_E
AU-211-212,CAAAAGGUGUCUGCAAGGCUAGCUACAACGAUCAUAGCU,-22.06,6.51,6.98,1.56974e-05,7.0629e-06,203AGCUAUGAAUUGCAGACACCU&5AGGUGUCUGCAAGGCUAGCU,203|||||.|..||||||||||||&5||||||||||||..||||||,-35.55,215:218:214:217:219:213:216:212,219:222:218:221:223:217:220:216,9:6:10:7:5:11:8:12,13:10:14:11:9:15:12:16,-5.08:-4.84:-4.83:-4.82:-4.74:-4.11:-2.54:-2.09,1.88:1.52:1.94:1.92:1.22:2.42:1.54:1.71,1.58:1.83:1.6:1.79:1.82:1.14:1.77:0.99,0.040984542317927614:0.0755594143452374:0.037011953456152595:0.038291410836563872:0.12579952298221256:0.016372588603626507:0.073034695400923846:0.054711000396045734,0.068235519265437194:0.04461886220815748:0.065955518690295312:0.047757019300052266:0.045383519435145431:0.14411740624890013:0.049407920295653149:0.18595661965953542,4.36278
