id2,seq2,E,ED1,ED2,Pu1,Pu2,subseqDB,hybridDB,E_hybrid,seedStart1,seedEnd1,seedStart2,seedEnd2,seedE,seedED1,seedED2,seedPu1,seedPu2,P_E
AU-283-284,UGGAAUUUAAGGGAAAGGCUAGCUACAACGAACAAAAUU,-15.2,1.87,2.82,0.0416869,0.00829717,281GUAUUUCCCUUAAAU&5AUUUAAGGGAAAGGC,281||.||||||||||||&5||||||||||||.||,-19.89,286:287:285:288:284:289,290:291:289:292:288:293,10:9:11:8:12:7,14:13:15:12:16:11,-5.92:-5.7:-5.15:-3.17:-2.07:-0.73,1.02:0.8:1.23:0.69:1.21:0.72,1.58:0.03:2.18:1.64:2.14:2.06,0.17671466909165404:0.2568180653503474:0.12367995368487215:0.30960078570313582:0.12795541646849698:0.29421378220476962,0.068235519265437194:0.95030050242469288:0.024616691234895034:0.061621521682920885:0.026348045203926702:0.030184629039138693,3.51141
