id2,seq2,E,ED1,ED2,Pu1,Pu2,subseqDB,hybridDB,E_hybrid,seedStart1,seedEnd1,seedStart2,seedEnd2,seedE,seedED1,seedED2,seedPu1,seedPu2,P_E
AU-435-436,UGAAGUUUCACCACAAGGCUAGCUACAACGAGAUCACAC,-10.45,2.99,2.99,0.00621549,0.00621549,17GGCUAGCU&17GGCUAGCU,17||||||||&17||||||||,-16.43,18:19:17:20,22:23:21:24,19:18:20:17,23:22:24:21,-2.14:-2.14:-1.64:-1.64,2.16:2.51:2.94:2.51,2.51:2.16:2.51:2.94,0.02546765975562185:0.014050773275094569:0.0067666539950359582:0.014050773275094569,0.014050773275094569:0.02546765975562185:0.014050773275094569:0.0067666539950359582,0.720761
