id2,seq2,E,ED1,ED2,Pu1,Pu2,subseqDB,hybridDB,E_hybrid,seedStart1,seedEnd1,seedStart2,seedEnd2,seedE,seedED1,seedED2,seedPu1,seedPu2,P_E
AU-422-423,CAAUGAUCACACUUCAGGCUAGCUACAACGAGAGAGUUG,-24.91,8.7,7.05,3.79908e-07,6.27083e-06,414CAACUCUCAUGAAGUGUGAUCAUUG&1CAAUGAUCACACUUCAGGCUAGCUACAACGAGAGAGUUG,414||||||||.||||||||||||||||&1||||||||||||||||...............||||||||,-40.66,427:430:431:429:428:417:426:424:423:425:434:432,431:434:435:433:432:421:430:428:427:429:438:436,8:5:4:6:7:32:9:11:12:10:1:3,12:9:8:10:11:36:13:15:16:14:5:7,-4.81:-3.39:-2.95:-2.44:-2.4:-2.3:-2.01:-0.18:-0.13:-0.11:-0.09:-0.02,3.61:2.4:2.18:2.54:2.87:1.43:3.75:3.57:3.48:4.12:3.77:2.53,0.03:1.19:1.19:1.17:0.03:5.03:0.02:1.1:1.21:1.12:1.17:1.17,0.0021673816135685388:0.01693856870922034:0.024616691234895034:0.013352456902777803:0.0076213469477350001:0.088045204486953854:0.0017085191838725916:0.0023198190278112302:0.0027031567468632743:0.00091111183023041495:0.00165143125131481:0.013581285074619616,0.95030050242469288:0.13237867670408987:0.13237867670408987:0.13695484356647333:0.95030050242469288:0.00019409787094446201:0.96658630871888551:0.15425354684288375:0.12795541646849698:0.14909936644965871:0.13695484356647333:0.13695484356647333,842.872
