id2,seq2,E,ED1,ED2,Pu1,Pu2,subseqDB,hybridDB,E_hybrid,seedStart1,seedEnd1,seedStart2,seedEnd2,seedE,seedED1,seedED2,seedPu1,seedPu2,P_E
AU-350-351,GAUCGAAUUCUACCCAGGCUAGCUACAACGAAAAGCCAU,-14.67,7.42,0.81,3.34408e-06,0.252491,351UGGGUAGAAUUC&5GAAUUCUACCCA,351||||||||||||&5||||||||||||,-22.9,352:351:358:353:356:354,356:355:362:357:360:358,11:12:5:10:7:9,15:16:9:14:11:13,-2.16:-1.64:-0.9:-0.84:-0.27:-0.17,6.48:6.02:1.68:6.61:2.9:4.31,0:0:0.79:0.8:0.79:0.79,1.6518367245147527e-05:3.6093783963944944e-05:0.05757231555329137:1.3244369012211184e-05:0.0072425698335854679:0.00065971712640359016,1:1:0.26121929344027633:0.2568180653503474:0.26121929344027633:0.26121929344027633,0.594198
