id2,seq2,E,ED1,ED2,Pu1,Pu2,subseqDB,hybridDB,E_hybrid,seedStart1,seedEnd1,seedStart2,seedEnd2,seedE,seedED1,seedED2,seedPu1,seedPu2,P_E
AU-145-146,GUUCACGGCAGCAGUAGGCUAGCUACAACGAACACCCCU,-15.99,4.84,8.09,0.000268062,1.07112e-06,143GUAUACUGCUGCCGU&5ACGGCAGCAGUAGGC,143||.||||||||||||&5||||||||||||.||,-28.92,150:151:153:147:152:149:148:146,154:155:157:151:156:153:152:150,8:7:5:11:6:9:10:12,12:11:9:15:10:13:14:16,-5.53:-4.05:-2.99:-2.49:-2.05:-1.97:-1.53:-0.18,1.44:1.49:3.01:1.18:3.77:0.97:1.26:1.15,4.26:4.37:2.39:5.09:3.59:4.25:5.08:4.26,0.086561749639235616:0.079511074815226859:0.0060078102469988967:0.13464732065490712:0.00165143125131481:0.19238490963730132:0.11753312212659672:0.1416892028483141,0.00071821779369944173:0.00059577143468540392:0.017228853990765885:0.00017528416712835472:0.0022423053109878908:0.00073052627489605991:0.00017828810534053856:0.00071821779369944173,2.64982
