id2,seq2,E,ED1,ED2,Pu1,Pu2,subseqDB,hybridDB,E_hybrid,seedStart1,seedEnd1,seedStart2,seedEnd2,seedE,seedED1,seedED2,seedPu1,seedPu2,P_E
AU-549-550,AAUUUUAACAACAGCAGGCUAGCUACAACGAUUUGGGGU,-10.01,5.07,5.07,0.000181344,0.000181344,2AUUUUAACAACAGCAGGCUAGCUACAACGAUUUGGGGU&2AUUUUAACAACAGCAGGCUAGCUACAACGAUUUGGGGU,2|||||||........||||||||........|||||||&2|||||||........||||||||........|||||||,-20.15,17:20:18:19,21:24:22:23,20:17:19:18,24:21:23:22,-4.2:-4.2:-3.45:-3.45,0.03:2.06:1.94:2.12,2.06:0.03:2.12:1.94,0.95030050242469288:0.030184629039138693:0.037011953456152595:0.027258864486554152,0.030184629039138693:0.95030050242469288:0.027258864486554152:0.037011953456152595,1.83802
