id2,seq2,E,ED1,ED2,Pu1,Pu2,subseqDB,hybridDB,E_hybrid,seedStart1,seedEnd1,seedStart2,seedEnd2,seedE,seedED1,seedED2,seedPu1,seedPu2,P_E
AU-359-360,GGAUAGACAGAUCGAAGGCUAGCUACAACGAUCUACCCA,-11.85,10.03,10.03,3.96443e-08,3.96443e-08,9AGAUCGAAGGCUAGCUACAACGAUCU&9AGAUCGAAGGCUAGCUACAACGAUCU,9||||||..||||||||....||||||&9||||||..||||||||....||||||,-31.91,18:19:17:20,22:23:21:24,19:18:20:17,23:22:24:21,-7.65:-7.65:-4.74:-4.74,0.01:0.02:2.41:0.02,0.02:0.01:0.02:2.41,0.9831512135571443:0.96658630871888551:0.016653174382391039:0.96658630871888551,0.96658630871888551:0.9831512135571443:0.96658630871888551:0.016653174382391039,0.850621
