id2,seq2,E,ED1,ED2,Pu1,Pu2,subseqDB,hybridDB,E_hybrid,seedStart1,seedEnd1,seedStart2,seedEnd2,seedE,seedED1,seedED2,seedPu1,seedPu2,P_E
AU-173-174,UCCGUGUACCAAGCAAGGCUAGCUACAACGAUUCAUGCU,-24.61,9.62,9.46,7.95697e-08,1.04429e-07,165AGCAUGAAAUUGCUUGGUACACGGA&1UCCGUGUACCAAGCAAGGCUAGCUACAACGAUUCAUGCU,165|||||||..||||||||||||||||&1||||||||||||||||................|||||||,-43.69,166:184:167:165:185:183:180:182,170:188:171:169:189:187:184:186,34:2:33:35:1:3:6:4,38:6:37:39:5:7:10:8,-6.18:-4.25:-3.77:-3.63:-2.54:-1.84:-1.61:-0.13,2.66:1.47:2.62:2.56:1.4:1.58:1.68:1.85,0:4.53:0:0:3.86:4.54:4.16:4.53,0.010889426813121545:0.082259674172926053:0.011655307660123937:0.012906302029984001:0.092649855769102923:0.068235519265437194:0.05757231555329137:0.043127981321019505,1:0.00045394662376055232:1:1:0.0014172399156533186:0.00044629817404035562:0.00085124184476120617:0.00045394662376055232,0.774321
