id2,seq2,E,ED1,ED2,Pu1,Pu2,subseqDB,hybridDB,E_hybrid,seedStart1,seedEnd1,seedStart2,seedEnd2,seedE,seedED1,seedED2,seedPu1,seedPu2,P_E
AU-299-300,UGAAUAGUCUUGAUUAGGCUAGCUACAACGAGGAAUUUA,-21.91,2.95,7.96,0.00665264,1.3359e-06,291UAAAUUCCAUAAUCAAGACUAUUCA&1UGAAUAGUCUUGAUUAGGCUAGCUACAACGAGGAAUUUA,291||||||||.||||||||||||||||&1||||||||||||||||...............||||||||,-32.82,294:293:301:310:311:292:300:291:302,298:297:305:314:315:296:304:295:306,32:33:11:2:1:34:12:35:10,36:37:15:6:5:38:16:39:14,-6.37:-3.07:-1.75:-1.19:-1:-0.73:-0.7:-0.44:-0.19,0.4:0.38:0.69:1.64:1.61:0.34:0.68:0.39:0.6,0.36:0.22:0.18:1.85:1.56:0.17:2.51:0.17:2.52,0.50677220262199407:0.52429068987504124:0.30960078570313582:0.061621521682920885:0.064844248241154756:0.56116537616735496:0.31490657940904898:0.51545702800735915:0.36076066394593914,0.54241476953044854:0.68809282886927159:0.7364881326473961:0.043127981321019505:0.070594336635987118:0.74910972238207862:0.014050773275094569:0.74910972238207862:0.013814034796825499,0.644571
