id2,seq2,E,ED1,ED2,Pu1,Pu2,subseqDB,hybridDB,E_hybrid,seedStart1,seedEnd1,seedStart2,seedEnd2,seedE,seedED1,seedED2,seedPu1,seedPu2,P_E
AU-372-373,UGGUGACGCAACUGGAGGCUAGCUACAACGAAGACAGAU,-32.64,8.29,5.68,7.62509e-07,6.43193e-05,364AUCUGUCUAUCCAGUUGCGUCACCA&1UGGUGACGCAACUGGAGGCUAGCUACAACGAAGACAGAU,364||||||||.||||||||||||||||&1||||||||||||||||...............||||||||,-46.61,366:380:364:383:367:384:365:382:373:374:379:377:381:378:375,370:384:368:387:371:388:369:386:377:378:383:381:385:382:379,33:5:35:2:32:1:34:3:12:11:6:8:4:7:10,37:9:39:6:36:5:38:7:16:15:10:12:8:11:14,-6.35:-4.83:-4.67:-4.67:-4.61:-4.34:-4.2:-3.3:-3.12:-2.91:-2.51:-2.39:-1.89:-1.23:-0.7,1.76:3.36:0.26:2:1.7:1.75:1.68:1.94:4.76:4.4:3.28:2.16:2.78:3.04:4.66,0.1:1.37:0.07:2.36:0.06:2.36:0.07:1.93:0.14:0.14:1.37:1.63:2.01:2.22:0.12,0.050254650164027262:0.0033145715181677553:0.64287762443552887:0.033424423481757073:0.055648611975054774:0.05111589089352863:0.05757231555329137:0.037011953456152595:0.00030709457309461907:0.00056616189371181931:0.0037972119345186886:0.02546765975562185:0.0088807338740529203:0.005709225096195268:0.00036397281327537484,0.84372942674231266:0.09749532440812847:0.8878553937302317:0.018129900959545375:0.90307104490862367:0.018129900959545375:0.8878553937302317:0.037646247032782944:0.78828720017586473:0.78828720017586473:0.09749532440812847:0.062677562549068894:0.032861262508537388:0.022999106106886717:0.81553731215235337,0.712788
