id2,seq2,E,ED1,ED2,Pu1,Pu2,subseqDB,hybridDB,E_hybrid,seedStart1,seedEnd1,seedStart2,seedEnd2,seedE,seedED1,seedED2,seedPu1,seedPu2,P_E
AU-97-98,GUUCGGACAAAGUGCAGGCUAGCUACAACGAGAAGCUUU,-26.49,8.4,4.03,6.32512e-07,0.00106167,91AGCUUCAUGCACUUUGUCCGAAC&1GUUCGGACAAAGUGCAGGCU,91||||...||||||||||||||||&1||||||||||||||||||||,-38.92,106:99:105:107:109:98:108:104:100,110:103:109:111:113:102:112:108:104,4:11:5:3:1:12:2:6:10,8:15:9:7:5:16:6:10:14,-4.97:-3.5:-3.29:-2.95:-2.89:-2.83:-2.63:-1.55:-1.08,3.59:2.06:3.49:2.49:2.64:2.16:2.42:3.51:1.93,2.31:2.77:1.18:2.28:2.34:3.14:2.33:1.09:2.53,0.0022423053109878908:0.030184629039138693:0.0026576118361138095:0.014536491101055905:0.011265860808182149:0.02546765975562185:0.016372588603626507:0.0025688112146768694:0.037646247032782944,0.019737576828023989:0.0090329277445750054:0.13464732065490712:0.020769826783910515:0.018756629176317187:0.0048170412175556577:0.019078071529255121:0.15689707210427808:0.013581285074619616,1.57106
