id2,seq2,E,ED1,ED2,Pu1,Pu2,subseqDB,hybridDB,E_hybrid,seedStart1,seedEnd1,seedStart2,seedEnd2,seedE,seedED1,seedED2,seedPu1,seedPu2,P_E
AU-432-433,AGUUUCACCACAAUGAGGCUAGCUACAACGACACACUUC,-15.21,10.14,0.11,3.28855e-08,0.829514,424GAAGUGUGAUCAUUGUGGU&22GCUACAACGACACACUUC,424||||||||.||.|||||||&22|||||||.||||||||||,-25.46,427:426:425:437:438:424,431:430:429:441:442:428,32:33:34:23:22:35,36:37:38:27:26:39,-4.42:-2.28:-1.24:-1.08:-1.07:-0.93,3.61:3.75:4.12:4.32:4.27:3.57,0.03:0.01:0.03:0.04:0.07:0.03,0.0021673816135685388:0.0017085191838725916:0.00091111183023041495:0.00064860169342812087:0.00070611669547394115:0.0023198190278112302,0.95030050242469288:0.9831512135571443:0.95030050242469288:0.93428909220280065:0.8878553937302317:0.95030050242469288,0.854629
