id2,seq2,E,ED1,ED2,Pu1,Pu2,subseqDB,hybridDB,E_hybrid,seedStart1,seedEnd1,seedStart2,seedEnd2,seedE,seedED1,seedED2,seedPu1,seedPu2,P_E
AU-350-351,GAUCGAAUUCUACCCAGGCUAGCUACAACGAAAAGCCAU,-24.26,7.73,0.81,1.97473e-06,0.252491,351UGGGUAGAAUUCGAUC&1GAUCGAAUUCUACCCA,351||||||||||||||||&1||||||||||||||||,-32.8,362:361:359:360:352:351:358:353:356:354,366:365:363:364:356:355:362:357:360:358,1:2:4:3:11:12:5:10:7:9,5:6:8:7:15:16:9:14:11:13,-8.01:-5.19:-4.96:-4.89:-2.16:-1.64:-0.9:-0.84:-0.27:-0.17,0.11:0.11:0.2:0.19:6.48:6.02:1.68:6.61:2.9:4.31,0.81:0.79:0:0:0:0:0.79:0.8:0.79:0.79,0.82951360981557831:0.82951360981557831:0.71187934555091148:0.72407920138272253:1.6518367245147527e-05:3.6093783963944944e-05:0.05757231555329137:1.3244369012211184e-05:0.0072425698335854679:0.00065971712640359016,0.25249099261259206:0.26121929344027633:1:1:1:1:0.26121929344027633:0.2568180653503474:0.26121929344027633:0.26121929344027633,0.575002
