id2,seq2,E,ED1,ED2,Pu1,Pu2,subseqDB,hybridDB,E_hybrid,seedStart1,seedEnd1,seedStart2,seedEnd2,seedE,seedED1,seedED2,seedPu1,seedPu2,P_E
AU-168-169,GUACCAAGCAAUUUCAGGCUAGCUACAACGAGCUCAUGU,-11.7,0.83,0.83,0.244054,0.244054,30GAGCUC&30GAGCUC,30||||||&30||||||,-13.36,30:31,34:35,31:30,35:34,-7.6:-7.6,0.83:0.78,0.78:0.83,0.2440543365341728:0.26569594772217947,0.26569594772217947:0.2440543365341728,0.937409
