id2,seq2,E,ED1,ED2,Pu1,Pu2,subseqDB,hybridDB,E_hybrid,seedStart1,seedEnd1,seedStart2,seedEnd2,seedE,seedED1,seedED2,seedPu1,seedPu2,P_E
AU-235-236,CAAAUUUCUUUGCCAAGGCUAGCUACAACGAUUAAUUUC,-15.7,2.88,3.79,0.00749294,0.00159625,227GAAAUUAAAUUGGCAAAGAAA&5UUUCUUUGCCAAGGCUAGCUACAACGAUUAAUUUC,227|||||||..||||||||||||&5||||||||||||................|||||||,-22.37,238:237:236:240:239:241:227:242:243,242:241:240:244:243:245:231:246:247,10:11:12:8:9:7:35:6:5,14:15:16:12:13:11:39:10:9,-4.72:-4.14:-3.9:-3.24:-3.17:-1.54:-1.3:-0.89:-0.64,0.2:1.63:1.58:0.22:0.2:0.22:1.01:2.09:2.14,2.51:2.33:2.95:2.6:2.6:0.58:0.4:0.68:0.64,0.71187934555091148:0.062677562549068894:0.068235519265437194:0.68809282886927159:0.71187934555091148:0.68809282886927159:0.17974312257855207:0.028684468141396482:0.026348045203926702,0.014050773275094569:0.019078071529255121:0.006652644086940899:0.01205821720728892:0.01205821720728892:0.3732317131866803:0.50677220262199407:0.31490657940904898:0.33705475322053108,0.71922
