id2,seq2,E,ED1,ED2,Pu1,Pu2,subseqDB,hybridDB,E_hybrid,seedStart1,seedEnd1,seedStart2,seedEnd2,seedE,seedED1,seedED2,seedPu1,seedPu2,P_E
AU-302-303,GGUUGAAUAGUCUUGAGGCUAGCUACAACGAUAUGGAAU,-24.88,2.45,9.9,0.0155589,4.94443e-08,294AUUCCAUAAUCAAGACUAUUCAACC&1GGUUGAAUAGUCUUGAGGCUAGCUACAACGAUAUGGAAU,294||||||||.||||||||||||||||&1||||||||||||||||...............||||||||,-37.23,296:297:294:295:314:303:304:313,300:301:298:299:318:307:308:317,33:32:35:34:1:12:11:2,37:36:39:38:5:16:15:6,-6.57:-6.24:-5.94:-5.77:-3.47:-2.27:-1:-0.62,0.4:0.42:0.4:0.41:1.47:0.65:0.64:1.48,0:0:0:0:4.01:2.23:4.15:3.87,0.50677220262199407:0.48983907269373245:0.50677220262199407:0.49823370600484052:0.082259674172926053:0.33137578966396897:0.33705475322053108:0.080873698489927537,1:1:1:1:0.0010983687542305404:0.022611599079715217:0.00086583003003304381:0.0013933611429761846,0.817265
