id2,seq2,E,ED1,ED2,Pu1,Pu2,subseqDB,hybridDB,E_hybrid,seedStart1,seedEnd1,seedStart2,seedEnd2,seedE,seedED1,seedED2,seedPu1,seedPu2,P_E
AU-125-126,CCCCUCUUAGUGUCAAGGCUAGCUACAACGAAAAGUCCA,-11.31,4.57,4.57,0.000424117,0.000424117,6CUUAGUGUCAAGGCUAGCUACAACGAAAAG&6CUUAGUGUCAAGGCUAGCUACAACGAAAAG,6|||..|||...||||||||...|||..|||&6|||..|||...||||||||...|||..|||,-20.45,18:19:17:20,22:23:21:24,19:18:20:17,23:22:24:21,-2.51:-2.51:-2.11:-2.11,1.92:2.24:1.97:2.18,2.24:1.92:2.18:1.97,0.038291410836563872:0.022230621075689613:0.035172477965101166:0.024616691234895034,0.022230621075689613:0.038291410836563872:0.024616691234895034:0.035172477965101166,7.36205
