id2,seq2,E,ED1,ED2,Pu1,Pu2,subseqDB,hybridDB,E_hybrid,seedStart1,seedEnd1,seedStart2,seedEnd2,seedE,seedED1,seedED2,seedPu1,seedPu2,P_E
AU-567-568,GUGACAUGCUGGACAAGGCUAGCUACAACGAAAAUUUUA,-21.91,5.7,9.79,6.21702e-05,5.96064e-08,559UAAAAUUUAUUGUCCAGCAUGUCAC&1GUGACAUGCUGGACAAGGCUAGCUACAACGAAAAUUUUA,559|||||||..||||||||||||||||&1||||||||||||||||................|||||||,-37.4,579:569:577:578:570:568:560:561,583:573:581:582:574:572:564:565,1:11:3:2:10:12:34:33,5:15:7:6:14:16:38:37,-6.01:-2.63:-2.08:-2.01:-1:-0.86:-0.71:-0.34,1.02:2.36:2.65:2.37:2.47:0.93:0.71:0.55,1.51:2.83:0.09:1.49:5.09:2.74:0.01:0.01,0.17671466909165404:0.018129900959545375:0.011076044725330155:0.017824434130047861:0.015038999590551393:0.20591582545795303:0.29925588062926073:0.39275125313980064,0.07685431630792125:0.0081573754968774451:0.85818886770185743:0.079511074815226859:0.00017528416712835472:0.0095053382814462104:0.9831512135571443:0.9831512135571443,0.690812
