id2,seq2,E,ED1,ED2,Pu1,Pu2,subseqDB,hybridDB,E_hybrid,seedStart1,seedEnd1,seedStart2,seedEnd2,seedE,seedED1,seedED2,seedPu1,seedPu2,P_E
AU-62-63,GCUAGAAGGUCUUUAAGGCUAGCUACAACGAGCACUCAA,-12.01,2.96,3.92,0.00654056,0.00127987,63UUAAAGACCUUC&5GAAGGUCUUUAA,63||||||||||||&5||||||||||||,-18.89,68:67:66:70:69,72:71:70:74:73,7:8:9:5:6,11:12:13:9:10,-4.55:-4.24:-2.08:-1.84:-1.63,1.34:1.38:1.5:2.33:0.54,2.64:2.43:2.69:3.85:2.65,0.10259420484296183:0.095852646507999018:0.078171409695823146:0.019078071529255121:0.39948204073184773,0.011265860808182149:0.016096730354727251:0.010348227771626334:0.0014415279115870653:0.011076044725330155,88.2049
