id2,seq2,E,ED1,ED2,Pu1,Pu2,subseqDB,hybridDB,E_hybrid,seedStart1,seedEnd1,seedStart2,seedEnd2,seedE,seedED1,seedED2,seedPu1,seedPu2,P_E
AU-168-169,GUACCAAGCAAUUUCAGGCUAGCUACAACGAGCUCAUGU,-22.84,9.31,3.7,1.34747e-07,0.00186002,165AGCAUGAAAUUGCUUGGUAC&1GUACCAAGCAAUUUCAGGCU,165|||.||||||||||||||||&1||||||||||||||||.|||,-35.85,180:170:169:179:176:177:178,184:174:173:183:180:181:182,1:11:12:2:5:4:3,5:15:16:6:9:8:7,-6.61:-3.62:-2.97:-2.74:-1.96:-1.56:-0.69,1.68:0.02:0.02:2.67:3.64:3.43:3.08,0.31:0:0:0.31:2.78:2.76:1.82,0.05757231555329137:0.96658630871888551:0.96658630871888551:0.010705953186262159:0.0020596638363202233:0.0029428602003098419:0.0053340667323057266,0.59051360568108813:1:1:0.59051360568108813:0.0088807338740529203:0.0091877298425874169:0.045383519435145431,0.480337
