id2,seq2,E,ED1,ED2,Pu1,Pu2,subseqDB,hybridDB,E_hybrid,seedStart1,seedEnd1,seedStart2,seedEnd2,seedE,seedED1,seedED2,seedPu1,seedPu2,P_E
AU-465-466,AGUGGCUUUAACAAAAGGCUAGCUACAACGACGCCCGUC,-20.33,10.42,11.78,2.04349e-08,2.02645e-09,457GACGGGCGAUUUUGUUAAAGCCACU&1AGUGGCUUUAACAAAAGGCUAGCUACAACGACGCCCGUC,457||||||||.||||||||||||||||&1||||||||||||||||...............||||||||,-42.53,460:459:457:458:476:469:467:468:470:466,464:463:461:462:480:473:471:472:474:470,32:33:35:34:2:9:11:10:8:12,36:37:39:38:6:13:15:14:12:16,-9.49:-8.37:-4.91:-4.51:-2.03:-1.9:-1.45:-1.24:-1.15:-1.09,1.55:1.55:1.41:3:1.79:1.27:1.3:1.25:1.2:1.34,1.89:1.92:1.92:1.94:7:0.92:0.87:0.59:0.95:0.9,0.07180414941519464:0.07180414941519464:0.091088818135287936:0.0061107692938322331:0.047757019300052266:0.11555283165192362:0.10980991397541899:0.11954734989478331:0.13014825665071483:0.10259420484296183,0.040294002516954676:0.038291410836563872:0.038291410836563872:0.037011953456152595:6.8269030888671398e-06:0.20944471472798976:0.22801730452866908:0.36694321175749678:0.19903541763620519:0.21668495905511845,0.764116
