id2,seq2,E,ED1,ED2,Pu1,Pu2,subseqDB,hybridDB,E_hybrid,seedStart1,seedEnd1,seedStart2,seedEnd2,seedE,seedED1,seedED2,seedPu1,seedPu2,P_E
AU-359-360,GGAUAGACAGAUCGAAGGCUAGCUACAACGAUCUACCCA,-14.33,9.12,9.75,1.86094e-07,6.37987e-08,351UGGGUAGAAUUCGAUCUGUCU&5AGACAGAUCGAAGGCUAGCUA,351|||.|||..||||||||||||&5||||||||||||..|||.|||,-33.2,362:363:367:361:366:364:360,366:367:371:365:370:368:364,10:9:5:11:6:8:12,14:13:9:15:10:12:16,-4.14:-2.29:-1.61:-1.22:-1.1:-1.05:-0.73,0.11:0.1:1.7:0.11:1.76:0.26:0.19,4.38:3.93:2.31:3.68:4.64:3.87:4.49,0.82951360981557831:0.84372942674231266:0.055648611975054774:0.82951360981557831:0.050254650164027262:0.64287762443552887:0.72407920138272253,0.00058573340901363607:0.0012583041033225777:0.019737576828023989:0.0019243214558785581:0.00037655490253921044:0.0013933611429761846:0.00048587383450048564,0.900905
