id2,seq2,E,ED1,ED2,Pu1,Pu2,subseqDB,hybridDB,E_hybrid,seedStart1,seedEnd1,seedStart2,seedEnd2,seedE,seedED1,seedED2,seedPu1,seedPu2,P_E
AU-235-236,CAAAUUUCUUUGCCAAGGCUAGCUACAACGAUUAAUUUC,-12.89,3.79,3.79,0.00159625,0.00159625,2AAAUUUCUUUGCCAAGGCUAGCUACAACGAUUAAUUU&2AAAUUUCUUUGCCAAGGCUAGCUACAACGAUUAAUUU,2|||||...|||....||||||||....|||..|||||&2|||||...|||....||||||||....|||..|||||,-20.47,17:20:18:19,21:24:22:23,20:17:19:18,24:21:23:22,-4.47:-4.47:-4.14:-4.14,1.21:0.65:0.58:1.85,0.65:1.21:1.85:0.58,0.12795541646849698:0.33137578966396897:0.3732317131866803:0.043127981321019505,0.33137578966396897:0.12795541646849698:0.043127981321019505:0.3732317131866803,1.97697
