id2,seq2,E,ED1,ED2,Pu1,Pu2,subseqDB,hybridDB,E_hybrid,seedStart1,seedEnd1,seedStart2,seedEnd2,seedE,seedED1,seedED2,seedPu1,seedPu2,P_E
AU-364-365,CAACUGGAUAGACAGAGGCUAGCUACAACGACGAAUUCU,-21.26,4.12,5.16,0.000911112,0.000155627,356AGAAUUCGAUCUGUCUAUCCA&5UGGAUAGACAGAGGCUAGCUACAACGACGAAUUCU,356||||||||.||||||||||||&5||||||||||||...............||||||||,-30.54,359:366:370:365:371:367:368:369:358:372:357:356,363:370:374:369:375:371:372:373:362:376:361:360,32:11:7:12:6:10:9:8:33:5:34:35,36:15:11:16:10:14:13:12:37:9:38:39,-4.45:-4.38:-4.08:-2.56:-2.55:-2.43:-2.43:-2.18:-1.52:-1.44:-0.6:-0.34,0.2:1.76:1.57:1.68:1.53:1.7:1.85:1.65:1.68:1.42:2.6:2.9,0.06:2:0.05:1.74:3.15:1.97:2.2:0.04:0.12:3.14:0.11:0.11,0.71187934555091148:0.050254650164027262:0.069404907733932319:0.05757231555329137:0.074286329909187265:0.055648611975054774:0.043127981321019505:0.060583273823801555:0.05757231555329137:0.089554082091194351:0.01205821720728892:0.0072425698335854679,0.90307104490862367:0.033424423481757073:0.9185474548123862:0.05199189116451982:0.0047358799187946317:0.035172477965101166:0.023794156713609738:0.93428909220280065:0.81553731215235337:0.0048170412175556577:0.82951360981557831:0.82951360981557831,0.44748
