id2,seq2,E,ED1,ED2,Pu1,Pu2,subseqDB,hybridDB,E_hybrid,seedStart1,seedEnd1,seedStart2,seedEnd2,seedE,seedED1,seedED2,seedPu1,seedPu2,P_E
AU-359-360,GGAUAGACAGAUCGAAGGCUAGCUACAACGAUCUACCCA,-24.19,2.88,6.71,0.00749294,1.11747e-05,360UUCGAUCUGUCUAUCC&1GGAUAGACAGAUCGAA,360||||||||||||||||&1||||||||||||||||,-33.78,371:370:362:368:363:369:367:361:366:364:360,375:374:366:372:367:373:371:365:370:368:364,1:2:10:4:9:3:5:11:6:8:12,5:6:14:8:13:7:9:15:10:12:16,-5.31:-4.25:-4.14:-3.04:-2.29:-2.02:-1.61:-1.22:-1.1:-1.05:-0.73,1.53:1.57:0.11:1.85:0.1:1.65:1.7:0.11:1.76:0.26:0.19,0.7:0.43:4.38:0.6:3.93:0.3:2.31:3.68:4.64:3.87:4.49,0.074286329909187265:0.069404907733932319:0.82951360981557831:0.043127981321019505:0.84372942674231266:0.060583273823801555:0.055648611975054774:0.82951360981557831:0.050254650164027262:0.64287762443552887:0.72407920138272253,0.30438438818228331:0.48158587876654929:0.00058573340901363607:0.36076066394593914:0.0012583041033225777:0.60063355213136327:0.019737576828023989:0.0019243214558785581:0.00037655490253921044:0.0013933611429761846:0.00048587383450048564,0.475772
