id2,seq2,E,ED1,ED2,Pu1,Pu2,subseqDB,hybridDB,E_hybrid,seedStart1,seedEnd1,seedStart2,seedEnd2,seedE,seedED1,seedED2,seedPu1,seedPu2,P_E
AU-451-452,AAUCGCCCGUCUGCCAGGCUAGCUACAACGAGAAGUUUC,-23.47,8.8,7.59,3.20539e-07,2.50509e-06,443GAAACUUCAUGGCAGACGGGC&5GCCCGUCUGCCAGGCUAGCUACAACGAGAAGUUUC,443||||||||.||||||||||||&5||||||||||||...............||||||||,-39.86,459:453:457:455:454:456:452:446:458:443,463:457:461:459:458:460:456:450:462:447,5:11:7:9:10:8:12:32:6:35,9:15:11:13:14:12:16:36:10:39,-5.86:-4.54:-4.28:-4:-3.74:-3.27:-2.85:-2.59:-2.04:-0.33,1.55:4.34:1.41:2.3:2.71:1.37:3.52:2.49:3:3.29,4.26:1.34:3.45:1.34:0.78:1.52:0.92:1.29:4.07:1.27,0.07180414941519464:0.00062692951667950563:0.091088818135287936:0.020075830203790699:0.010002455283558549:0.09749532440812847:0.0025255298631087653:0.014536491101055905:0.0061107692938322331:0.003733233521555719,0.00071821779369944173:0.10259420484296183:0.0028445283780932106:0.10259420484296183:0.26569594772217947:0.0755594143452374:0.20944471472798976:0.11169178500844767:0.00099190501857795597:0.11555283165192362,0.996904
