id2,seq2,E,ED1,ED2,Pu1,Pu2,subseqDB,hybridDB,E_hybrid,seedStart1,seedEnd1,seedStart2,seedEnd2,seedE,seedED1,seedED2,seedPu1,seedPu2,P_E
AU-276-277,UAAGGGAAAUACAAAAGGCUAGCUACAACGAUUGGACAU,-18.95,4.66,2.72,0.000363973,0.00983393,268AUGUCCAAAUUUUGUAUUUCC&5GGAAAUACAAAAGGCUAGCUACAACGAUUGGACAU,268|||||||..||||||||||||&5||||||||||||................|||||||,-26.33,269:270:284:283:281:280:268:279:278:277,273:274:288:287:285:284:272:283:282:281,34:33:5:6:8:9:35:10:11:12,38:37:9:10:12:13:39:14:15:16,-4.99:-4.93:-4.24:-2.29:-2.07:-1.93:-1.74:-1.26:-1:-0.19,2.4:2.05:1.21:1.3:1.28:1.7:2.4:1.98:2.01:1.78,1.66:1.68:0.2:0.03:0.35:0.35:1.14:0.35:0.33:0.35,0.01693856870922034:0.030701919117739323:0.12795541646849698:0.10980991397541899:0.11360590666855311:0.055648611975054774:0.01693856870922034:0.034579864395201117:0.032861262508537388:0.048575456798006053,0.059562519181135275:0.05757231555329137:0.71187934555091148:0.95030050242469288:0.55171042058518638:0.55171042058518638:0.14411740624890013:0.55171042058518638:0.5707823663635625:0.55171042058518638,0.798159
