id2,seq2,E,ED1,ED2,Pu1,Pu2,subseqDB,hybridDB,E_hybrid,seedStart1,seedEnd1,seedStart2,seedEnd2,seedE,seedED1,seedED2,seedPu1,seedPu2,P_E
AU-261-262,AUUUGGACAUUCCCCAGGCUAGCUACAACGAUGAAGGUG,-24.19,7.94,6.27,1.38208e-06,2.36015e-05,253CACCUUCAAUGGGGAAUGUCC&5GGACAUUCCCCAGGCUAGCUACAACGAUGAAGGUG,253||||||||.||||||||||||&5||||||||||||...............||||||||,-38.4,255:253:263:254:269:256:266:262:265:267:268:264,259:257:267:258:273:260:270:266:269:271:272:268,33:35:11:34:5:32:8:12:9:7:6:10,37:39:15:38:9:36:12:16:13:11:10:14,-5.69:-4.34:-3.74:-3.1:-3.07:-3.03:-2.66:-2.55:-1.91:-0.67:-0.3:-0.09,1.13:0.92:4.85:1.15:2.4:1.14:2.24:4.81:3.3:2.16:2.4:4.88,2.07:1.98:3.12:1.98:3.65:1.56:0.02:3.08:0.03:0.02:3.45:3.05,0.14658722306558336:0.20944471472798976:0.00026354514396145648:0.1416892028483141:0.01693856870922034:0.14411740624890013:0.022230621075689613:0.00028208093850275862:0.0036703330672097183:0.02546765975562185:0.01693856870922034:0.00025044708271815979,0.029676054670601429:0.034579864395201117:0.0049835603650750741:0.034579864395201117:0.0020249610001979918:0.070594336635987118:0.96658630871888551:0.0053340667323057266:0.95030050242469288:0.96658630871888551:0.0028445283780932106:0.0056130315817952848,0.971826
