id2,seq2,E,ED1,ED2,Pu1,Pu2,subseqDB,hybridDB,E_hybrid,seedStart1,seedEnd1,seedStart2,seedEnd2,seedE,seedED1,seedED2,seedPu1,seedPu2,P_E
AU-342-343,UCUACCCAUAAAGCCAGGCUAGCUACAACGACAAGCUUU,-21.23,14.31,5.74,2.75218e-11,5.80849e-05,334AAAGCUUGAUGGCUUUAUGGGUAGA&1UCUACCCAUAAAGCCAGGCUAGCUACAACGACAAGCUUU,334||||||||.||||||||||||||||&1||||||||||||||||...............||||||||,-41.28,344:343:345:352:351:350:353:337:335:354:336:334:346,348:347:349:356:355:354:357:341:339:358:340:338:350,11:12:10:3:4:5:2:32:34:1:33:35:9,15:16:14:7:8:9:6:36:38:5:37:39:13,-5.05:-4.5:-3.47:-2.47:-2.24:-1.9:-1.61:-1.31:-1.2:-0.98:-0.61:-0.51:-0.51,2.19:2.59:2.15:6.48:6.02:5.72:6.61:3.63:2.37:4.31:2.83:2.05:1.87,0.21:0.82:0.21:0.06:0.02:0.02:0.06:2.34:2.34:0.05:2.34:2.34:0.22,0.02420192986134858:0.012264865303538637:0.025904112617099045:1.6518367245147527e-05:3.6093783963944944e-05:6.0092853347711355e-05:1.3244369012211184e-05:0.0020949613934443962:0.017824434130047861:0.00065971712640359016:0.0081573754968774451:0.030701919117739323:0.041686916267581295,0.69988504248464434:0.24823682579931786:0.69988504248464434:0.90307104490862367:0.96658630871888551:0.96658630871888551:0.90307104490862367:0.018756629176317187:0.018756629176317187:0.9185474548123862:0.018756629176317187:0.018756629176317187:0.68809282886927159,0.426611
