id2,seq2,E,ED1,ED2,Pu1,Pu2,subseqDB,hybridDB,E_hybrid,seedStart1,seedEnd1,seedStart2,seedEnd2,seedE,seedED1,seedED2,seedPu1,seedPu2,P_E
AU-15-16,GAAGUUGUUAUCGACAGGCUAGCUACAACGAAGCGAGUG,-19.64,2.4,10.29,0.0169386,2.54864e-08,7CACUCGCUAUGUCGAUAACAA&5UUGUUAUCGACAGGCUAGCUACAACGAAGCGAGUG,7||||||||.||||||||||||&5||||||||||||...............||||||||,-32.33,9:7:10:8:17:16:18:19,13:11:14:12:21:20:22:23,33:35:32:34:11:12:10:9,37:39:36:38:15:16:14:13,-5.12:-3.78:-3.62:-3.3:-2.95:-2.67:-0.75:-0.33,0.9:0.67:0.84:0.97:1.27:1.42:1.17:0.75,3.97:2.36:3.56:3.97:4.05:4.06:3.94:3.19,0.21668495905511845:0.32030330133010154:0.2399423171374557:0.19238490963730132:0.11555283165192362:0.089554082091194351:0.13695484356647333:0.27959150504946167,0.0011756197984083094:0.018129900959545375:0.0023595750031349524:0.0011756197984083094:0.0010261939462939721:0.0010089038236439142:0.0012371032062055271:0.0044246809501121073,0.802473
