id2,seq2,E,ED1,ED2,Pu1,Pu2,subseqDB,hybridDB,E_hybrid,seedStart1,seedEnd1,seedStart2,seedEnd2,seedE,seedED1,seedED2,seedPu1,seedPu2,P_E
AU-268-269,AUACAAAAUUUGGACAGGCUAGCUACAACGAUCCCCAUU,-14.31,10.45,3.73,1.94193e-08,0.00176758,260AAUGGGGAAUGUCCAAAUUUU&5AAAAUUUGGACAGGCUAGCUACAACGAUCCCCAUU,260||||||||.||||||||||||&5||||||||||||...............||||||||,-28.49,263:270:269:262:261:271:272:260,267:274:273:266:265:275:276:264,32:11:12:33:34:10:9:35,36:15:16:37:38:14:13:39,-4.84:-4.5:-4.13:-3.94:-2.69:-2.22:-1.95:-1.24,4.85:2.05:2.4:4.81:3.04:1.64:1.54:2.67,1.93:2.08:2.11:1.91:1.88:2.09:2.09:0.35,0.00026354514396145648:0.030701919117739323:0.01693856870922034:0.00028208093850275862:0.005709225096195268:0.061621521682920885:0.073034695400923846:0.010705953186262159,0.037646247032782944:0.029176049162989943:0.027726014178356899:0.03894763115637271:0.040984542317927614:0.028684468141396482:0.028684468141396482:0.55171042058518638,0.454314
