id2,seq2,E,ED1,ED2,Pu1,Pu2,subseqDB,hybridDB,E_hybrid,seedStart1,seedEnd1,seedStart2,seedEnd2,seedE,seedED1,seedED2,seedPu1,seedPu2,P_E
AU-162-163,AGCAAUUUCAUGCUCAGGCUAGCUACAACGAGUUCACGG,-12.07,2.16,2.16,0.0254677,0.0254677,17GGCUAGCU&17GGCUAGCU,17||||||||&17||||||||,-16.39,18:19:17:20,22:23:21:24,19:18:20:17,23:22:24:21,-4.44:-4.44:-3.32:-3.32,1.61:1.79:1.54:1.76,1.79:1.61:1.76:1.54,0.064844248241154756:0.047757019300052266:0.073034695400923846:0.050254650164027262,0.047757019300052266:0.064844248241154756:0.050254650164027262:0.073034695400923846,0.928546
