id2,seq2,E,ED1,ED2,Pu1,Pu2,subseqDB,hybridDB,E_hybrid,seedStart1,seedEnd1,seedStart2,seedEnd2,seedE,seedED1,seedED2,seedPu1,seedPu2,P_E
AU-299-300,UGAAUAGUCUUGAUUAGGCUAGCUACAACGAGGAAUUUA,-10.59,7.96,7.96,1.3359e-06,1.3359e-06,1UGAAUAGUCUUGAUUAGGCUAGCUACAACGAGGAAUUUA&1UGAAUAGUCUUGAUUAGGCUAGCUACAACGAGGAAUUUA,1|||||..|||||....||||||||....|||||.|||||&1|||||..|||||....||||||||....|||||.|||||,-26.51,18:19:17:20,22:23:21:24,19:18:20:17,23:22:24:21,-3.04:-3.04:-0.45:-0.45,0.78:2.6:4.01:2.56,2.6:0.78:2.56:4.01,0.26569594772217947:0.01205821720728892:0.0010983687542305404:0.012906302029984001,0.01205821720728892:0.26569594772217947:0.012906302029984001:0.0010983687542305404,40.504
