id2,seq2,E,ED1,ED2,Pu1,Pu2,subseqDB,hybridDB,E_hybrid,seedStart1,seedEnd1,seedStart2,seedEnd2,seedE,seedED1,seedED2,seedPu1,seedPu2,P_E
AU-207-208,AGGUGUCUGCAAUUCAGGCUAGCUACAACGAAGCUCUUU,-16.24,5.87,6.36,4.65723e-05,2.02546e-05,203AGCUAUGAAUUGCAGAC&5GUCUGCAAUUCAGGCU,203||||.||||||||||||&5||||||||||||||||,-28.47,215:214:213:211,219:218:217:215,5:6:7:9,9:10:11:13,-1.6:-1.29:-1.01:-0.23,1.88:1.94:2.42:2.04,5.11:5.11:4.83:2.88,0.040984542317927614:0.037011953456152595:0.016372588603626507:0.031228074272172782,0.00016942727608146047:0.00016942727608146047:0.00027265557310734019:0.0074929365006057066,10.6239
