id2,seq2,E,ED1,ED2,Pu1,Pu2,subseqDB,hybridDB,E_hybrid,seedStart1,seedEnd1,seedStart2,seedEnd2,seedE,seedED1,seedED2,seedPu1,seedPu2,P_E
AU-125-126,CCCCUCUUAGUGUCAAGGCUAGCUACAACGAAAAGUCCA,-28.46,10.06,4.57,3.7674e-08,0.000424117,117UGGACUUUAUUGACACUAAGAGGGG&1CCCCUCUUAGUGUCAAGGCUAGCUACAACGAAAAGUCCA,117|||||||..||||||||||||||||&1||||||||||||||||................|||||||,-43.09,128:118:136:117:135:126:127:130:129:119:134:132:137:131:133,132:122:140:121:139:130:131:134:133:123:138:136:141:135:137,10:34:2:35:3:12:11:8:9:33:4:6:1:7:5,14:38:6:39:7:16:15:12:13:37:8:10:5:11:9,-6.8:-6.51:-5.8:-5.37:-5.35:-4.83:-4.34:-4.16:-4.15:-3.6:-3.28:-2.92:-2.67:-1.31:-0.59,0.45:2.02:3.51:2.13:1.25:0.43:0.43:0.7:0.55:1.85:1.17:1.26:7.43:0.7:1.44,1.56:0.65:0.08:0.65:0.45:0.05:1.55:1.66:1.56:0.64:1.3:1.6:0.02:1.6:1.5,0.46549431688809956:0.032307590114288395:0.0025688112146768694:0.026799585700145474:0.11954734989478331:0.48158587876654929:0.48158587876654929:0.30438438818228331:0.39275125313980064:0.043127981321019505:0.13695484356647333:0.11753312212659672:3.2877401233061514e-06:0.30438438818228331:0.086561749639235616,0.070594336635987118:0.33137578966396897:0.8728961078091334:0.33137578966396897:0.46549431688809956:0.9185474548123862:0.07180414941519464:0.059562519181135275:0.070594336635987118:0.33705475322053108:0.10980991397541899:0.065955518690295312:0.96658630871888551:0.065955518690295312:0.078171409695823146,0.6932
