id2,seq2,E,ED1,ED2,Pu1,Pu2,subseqDB,hybridDB,E_hybrid,seedStart1,seedEnd1,seedStart2,seedEnd2,seedE,seedED1,seedED2,seedPu1,seedPu2,P_E
AU-125-126,CCCCUCUUAGUGUCAAGGCUAGCUACAACGAAAAGUCCA,-20.32,3.5,4.57,0.00261283,0.000424117,117UGGACUUUAUUGACACUAAGA&5UCUUAGUGUCAAGGCUAGCUACAACGAAAAGUCCA,117|||||||..||||||||||||&5||||||||||||................|||||||,-28.39,128:118:117:126:127:130:129:119:132:131:133,132:122:121:130:131:134:133:123:136:135:137,10:34:35:12:11:8:9:33:6:7:5,14:38:39:16:15:12:13:37:10:11:9,-6.8:-6.51:-5.37:-4.83:-4.34:-4.16:-4.15:-3.6:-2.92:-1.31:-0.59,0.45:2.02:2.13:0.43:0.43:0.7:0.55:1.85:1.26:0.7:1.44,1.56:0.65:0.65:0.05:1.55:1.66:1.56:0.64:1.6:1.6:1.5,0.46549431688809956:0.032307590114288395:0.026799585700145474:0.48158587876654929:0.48158587876654929:0.30438438818228331:0.39275125313980064:0.043127981321019505:0.11753312212659672:0.30438438818228331:0.086561749639235616,0.070594336635987118:0.33137578966396897:0.33137578966396897:0.9185474548123862:0.07180414941519464:0.059562519181135275:0.070594336635987118:0.33705475322053108:0.065955518690295312:0.065955518690295312:0.078171409695823146,0.506684
