id2,seq2,E,ED1,ED2,Pu1,Pu2,subseqDB,hybridDB,E_hybrid,seedStart1,seedEnd1,seedStart2,seedEnd2,seedE,seedED1,seedED2,seedPu1,seedPu2,P_E
AU-294-295,AGUCUUGAUUAUGGAAGGCUAGCUACAACGAUUAAGGGA,-12.21,2.11,2.11,0.027726,0.027726,17GGCUAGCU&17GGCUAGCU,17||||||||&17||||||||,-16.43,18:19:17:20,22:23:21:24,19:18:20:17,23:22:24:21,-4.39:-4.39:-3.36:-3.36,0.1:1.98:1.76:1.87,1.98:0.1:1.87:1.76,0.84372942674231266:0.034579864395201117:0.050254650164027262:0.041686916267581295,0.034579864395201117:0.84372942674231266:0.041686916267581295:0.050254650164027262,0.93141
