id2,seq2,E,ED1,ED2,Pu1,Pu2,subseqDB,hybridDB,E_hybrid,seedStart1,seedEnd1,seedStart2,seedEnd2,seedE,seedED1,seedED2,seedPu1,seedPu2,P_E
AU-504-505,ACCUUCUUUAGUCAAAGGCUAGCUACAACGAUCUCAGUG,-25.72,4.28,5.35,0.000694219,0.000112686,497ACUGAGAAUUUGACUAAAGAAGGU&1ACCUUCUUUAGUCAAAGGCUAGCUACAACGAUCUCAGU,497|||||||.||||||||||||||||&1||||||||||||||||...............|||||||,-35.35,498:499:515:497:508:507:514:516:506:509:510:513,502:503:519:501:512:511:518:520:510:513:514:517,33:32:2:34:9:10:3:1:11:8:7:4,37:36:6:38:13:14:7:5:15:12:11:8,-7.37:-5.31:-4.63:-4.12:-3.81:-3.19:-2.5:-2.26:-1.54:-1.12:-0.96:-0.43,1.13:1.13:3.11:0.9:0.85:1:2.64:3.59:1.17:0.83:0.9:1.3,0.64:0.04:0.05:0.64:1.78:1.79:0.05:0.04:3.02:1.82:1.85:0.71,0.14658722306558336:0.14658722306558336:0.0050689662956769702:0.21668495905511845:0.23589958027740274:0.18282347628725659:0.011265860808182149:0.0022423053109878908:0.13695484356647333:0.2440543365341728:0.21668495905511845:0.10980991397541899,0.33705475322053108:0.93428909220280065:0.9185474548123862:0.33705475322053108:0.048575456798006053:0.047757019300052266:0.9185474548123862:0.93428909220280065:0.0059065859351580098:0.045383519435145431:0.043127981321019505:0.29925588062926073,0.626164
