id2,seq2,E,ED1,ED2,Pu1,Pu2,subseqDB,hybridDB,E_hybrid,seedStart1,seedEnd1,seedStart2,seedEnd2,seedE,seedED1,seedED2,seedPu1,seedPu2,P_E
AU-145-146,GUUCACGGCAGCAGUAGGCUAGCUACAACGAACACCCCU,-25.02,14.99,11.06,8.66681e-12,6.88769e-09,137AGGGGUGUAUACUGCUGCCGUGAAC&1GUUCACGGCAGCAGUAGGCUAGCUACAACGAACACCCCU,137||||||||.||||||||||||||||&1||||||||||||||||...............||||||||,-51.07,150:151:153:140:137:138:147:139:152:149:154:148:157:146,154:155:157:144:141:142:151:143:156:153:158:152:161:150,8:7:5:32:35:34:11:33:6:9:4:10:1:12,12:11:9:36:39:38:15:37:10:13:8:14:5:16,-5.53:-4.05:-2.99:-2.88:-2.83:-2.64:-2.49:-2.43:-2.05:-1.97:-1.8:-1.53:-1.3:-0.18,1.44:1.49:3.01:3:7.43:7.48:1.18:5.44:3.77:0.97:3.06:1.26:2.05:1.15,4.26:4.37:2.39:1.98:0:0:5.09:1.98:3.59:4.25:4.56:5.08:3.33:4.26,0.086561749639235616:0.079511074815226859:0.0060078102469988967:0.0061107692938322331:3.2877401233061514e-06:3.0199453223474262e-06:0.13464732065490712:9.670610156830847e-05:0.00165143125131481:0.19238490963730132:0.0055184588113766095:0.11753312212659672:0.030701919117739323:0.1416892028483141,0.00071821779369944173:0.00059577143468540392:0.017228853990765885:0.034579864395201117:1:1:0.00017528416712835472:0.034579864395201117:0.0022423053109878908:0.00073052627489605991:0.00043138570463364657:0.00017828810534053856:0.0034879193578353585:0.00071821779369944173,0.769461
