id2,seq2,E,ED1,ED2,Pu1,Pu2,subseqDB,hybridDB,E_hybrid,seedStart1,seedEnd1,seedStart2,seedEnd2,seedE,seedED1,seedED2,seedPu1,seedPu2,P_E
AU-394-395,GGCACAUUUGGUUGCAGGCUAGCUACAACGAUCAUUUGG,-23.49,9.17,10.91,1.70936e-07,8.88728e-09,386CCAAAUGAAUGCAACCAAAUGUGCC&1GGCACAUUUGGUUGCAGGCUAGCUACAACGAUCAUUUGG,386||||||||.||||||||||||||||&1||||||||||||||||...............||||||||,-43.57,406:405:404:386,410:409:408:390,1:2:3:35,5:6:7:39,-5.91:-3.34:-1.57:-0.56,1.66:1.3:1.12:0.05,3.21:3.43:3.42:3.43,0.059562519181135275:0.10980991397541899:0.14909936644965871:0.9185474548123862,0.0042768360268276339:0.0029428602003098419:0.0029932935643361166:0.0029428602003098419,0.99895
