id2,seq2,E,ED1,ED2,Pu1,Pu2,subseqDB,hybridDB,E_hybrid,seedStart1,seedEnd1,seedStart2,seedEnd2,seedE,seedED1,seedED2,seedPu1,seedPu2,P_E
AU-432-433,AGUUUCACCACAAUGAGGCUAGCUACAACGACACACUUC,-19.38,12.45,8.11,6.4908e-10,1.03533e-06,424GAAGUGUGAUCAUUGUGGUGAAACU&1AGUUUCACCACAAUGAGGCUAGCUACAACGACACACUUC,424||||||||.||||||||||||||||&1||||||||||||||||...............||||||||,-39.94,427:437:426:438:425:424:436:435,431:441:430:442:429:428:440:439,32:8:33:7:34:35:9:10,36:12:37:11:38:39:13:14,-4.42:-3.08:-2.28:-2.07:-1.24:-0.93:-0.84:-0.51,3.61:4.32:3.75:4.27:4.12:3.57:3.78:0.83,0.03:0:0.01:1.03:0.03:0.03:0:1.02,0.0021673816135685388:0.00064860169342812087:0.0017085191838725916:0.00070611669547394115:0.00091111183023041495:0.0023198190278112302:0.0016236066388363496:0.2440543365341728,0.95030050242469288:1:0.9831512135571443:0.17373724137080884:0.95030050242469288:0.95030050242469288:1:0.17671466909165404,0.77191
