id2,seq2,E,ED1,ED2,Pu1,Pu2,subseqDB,hybridDB,E_hybrid,seedStart1,seedEnd1,seedStart2,seedEnd2,seedE,seedED1,seedED2,seedPu1,seedPu2,P_E
AU-21-22,GCCACAGAAGUUGUUAGGCUAGCUACAACGACGACAUAG,-23.75,8.43,9.42,6.01076e-07,1.11774e-07,13CUAUGUCGAUAACAACUUCUGUGGC&1GCCACAGAAGUUGUUAGGCUAGCUACAACGACGACAUAG,13||||||||.||||||||||||||||&1||||||||||||||||...............||||||||,-41.6,33:16:15:13:14:30:31:32:29:24:27:28:25,37:20:19:17:18:34:35:36:33:28:31:32:29,1:32:33:35:34:4:3:2:5:10:7:6:9,5:36:37:39:38:8:7:6:9:14:11:10:13,-5.86:-4.76:-4.41:-4.34:-3.07:-3.03:-2.92:-2.83:-2.56:-1.04:-0.68:-0.65:-0.59,5.17:1.42:0.77:0.53:0.5:1.88:3.6:5.13:0.95:0.15:0.34:0.38:0.15,0.02:1.64:0.5:0.48:0.48:0.99:0.99:0.02:0.99:4.97:3.78:4.45:4.91,0.0001530048672469063:0.089554082091194351:0.27024932081491682:0.40632817741889343:0.42757862000719421:0.040984542317927614:0.0022045251876633741:0.00016376608538387429:0.19903541763620519:0.775005517484465:0.56116537616735496:0.52429068987504124:0.775005517484465,0.96658630871888551:0.061621521682920885:0.42757862000719421:0.44235948321460022:0.44235948321460022:0.18595661965953542:0.18595661965953542:0.96658630871888551:0.18595661965953542:0.00021493089833713103:0.0016236066388363496:0.00052004656648075231:0.00023799998853786604,0.974196
