id2,seq2,E,ED1,ED2,Pu1,Pu2,subseqDB,hybridDB,E_hybrid,seedStart1,seedEnd1,seedStart2,seedEnd2,seedE,seedED1,seedED2,seedPu1,seedPu2,P_E
AU-342-343,UCUACCCAUAAAGCCAGGCUAGCUACAACGACAAGCUUU,-13.5,8.41,0.25,6.21855e-07,0.653895,344GGCUUUAUGGG&5CCCAUAAAGCC,344|||||||||||&5|||||||||||,-22.16,344:345:350:346,348:349:354:350,11:10:5:9,15:14:9:13,-5.05:-3.47:-1.9:-0.51,2.19:2.15:5.72:1.87,0.21:0.21:0.02:0.22,0.02420192986134858:0.025904112617099045:6.0092853347711355e-05:0.041686916267581295,0.69988504248464434:0.69988504248464434:0.96658630871888551:0.68809282886927159,0.408735
