id2,seq2,E,ED1,ED2,Pu1,Pu2,subseqDB,hybridDB,E_hybrid,seedStart1,seedEnd1,seedStart2,seedEnd2,seedE,seedED1,seedED2,seedPu1,seedPu2,P_E
AU-487-488,UCUCAGUGCCACAAAAGGCUAGCUACAACGAUCGCAAGU,-9.98,0.7,0.7,0.304384,0.304384,29CGAUCG&29CGAUCG,29||||||&29||||||,-11.38,29:30,33:34,30:29,34:33,-7.07:-7.07,0.29:0.29,0.29:0.29,0.61092692949867611:0.61092692949867611,0.61092692949867611:0.61092692949867611,0.849518
