id2,seq2,E,ED1,ED2,Pu1,Pu2,subseqDB,hybridDB,E_hybrid,seedStart1,seedEnd1,seedStart2,seedEnd2,seedE,seedED1,seedED2,seedPu1,seedPu2,P_E
AU-364-365,CAACUGGAUAGACAGAGGCUAGCUACAACGACGAAUUCU,-14.71,0.86,0.86,0.231925,0.231925,17GGCUAGCU&17GGCUAGCU,17||||||||&17||||||||,-16.43,18:19:17:20,22:23:21:24,19:18:20:17,23:22:24:21,-6.77:-6.77:-5.93:-5.93,0.23:0.38:0.78:0.37,0.38:0.23:0.37:0.78,0.67649929974279277:0.52429068987504124:0.26569594772217947:0.53327573891517921,0.52429068987504124:0.67649929974279277:0.53327573891517921:0.26569594772217947,0.940508
