id2,seq2,E,ED1,ED2,Pu1,Pu2,subseqDB,hybridDB,E_hybrid,seedStart1,seedEnd1,seedStart2,seedEnd2,seedE,seedED1,seedED2,seedPu1,seedPu2,P_E
AU-567-568,GUGACAUGCUGGACAAGGCUAGCUACAACGAAAAUUUUA,-5.9,0.01,0.01,0.983151,0.983151,31AAAAUUUU&31AAAAUUUU,31||||||||&31||||||||,-5.92,31:34:32:33,35:38:36:37,34:31:33:32,38:35:37:36,-1.86:-1.86:-1.3:-1.3,0.01:0.01:0.01:0.01,0.01:0.01:0.01:0.01,0.9831512135571443:0.9831512135571443:0.9831512135571443:0.9831512135571443,0.9831512135571443:0.9831512135571443:0.9831512135571443:0.9831512135571443,0.885843
