id2,seq2,E,ED1,ED2,Pu1,Pu2,subseqDB,hybridDB,E_hybrid,seedStart1,seedEnd1,seedStart2,seedEnd2,seedE,seedED1,seedED2,seedPu1,seedPu2,P_E
AU-283-284,UGGAAUUUAAGGGAAAGGCUAGCUACAACGAACAAAAUU,-10.97,2.69,2.69,0.0103482,0.0103482,17GGCUAGCU&17GGCUAGCU,17||||||||&17||||||||,-16.35,18:19:17:20,22:23:21:24,19:18:20:17,23:22:24:21,-3.32:-3.32:-2.37:-2.37,1.97:2.34:2.4:2.16,2.34:1.97:2.16:2.4,0.035172477965101166:0.018756629176317187:0.01693856870922034:0.02546765975562185,0.018756629176317187:0.035172477965101166:0.02546765975562185:0.01693856870922034,0.607372
