id2,seq2,E,ED1,ED2,Pu1,Pu2,subseqDB,hybridDB,E_hybrid,seedStart1,seedEnd1,seedStart2,seedEnd2,seedE,seedED1,seedED2,seedPu1,seedPu2,P_E
AU-549-550,AAUUUUAACAACAGCAGGCUAGCUACAACGAUUUGGGGU,-20.4,5.06,5.07,0.000184451,0.000181344,541ACCCCAAAAUGCUGUUGUUAA&5UUAACAACAGCAGGCUAGCUACAACGAUUUGGGGU,541|||||||..||||||||||||&5||||||||||||................|||||||,-30.53,542:541:543:551:550:554:557:556:555:553:552,546:545:547:555:554:558:561:560:559:557:556,34:35:33:11:12:8:5:6:7:9:10,38:39:37:15:16:12:9:10:11:13:14,-9.46:-9.06:-6.7:-4.04:-4.02:-3.08:-2.89:-2.82:-1.97:-1.7:-1.47,0.36:0.36:0.25:2.2:2.48:1.84:1.02:1.1:1.16:2.03:2.32,1.4:1.39:1.04:1.93:1.96:0.08:0.08:0.08:0.08:1.43:1.91,0.54241476953044854:0.54241476953044854:0.653894960989297:0.023794156713609738:0.014785610698136007:0.043867088527489016:0.17671466909165404:0.15425354684288375:0.13930191172826439:0.031763246427969453:0.019405022611149167,0.092649855769102923:0.094237645737003217:0.1708099796937812:0.037646247032782944:0.035775247469657739:0.8728961078091334:0.8728961078091334:0.8728961078091334:0.8728961078091334:0.088045204486953854:0.03894763115637271,0.617315
