id2,seq2,E,ED1,ED2,Pu1,Pu2,subseqDB,hybridDB,E_hybrid,seedStart1,seedEnd1,seedStart2,seedEnd2,seedE,seedED1,seedED2,seedPu1,seedPu2,P_E
AU-42-43,CUCAAGAGGGUAGCCAGGCUAGCUACAACGACAGGGCCA,-22.48,16.67,10.08,4.98968e-13,3.64152e-08,34UGGCCCUGAUGGCUACCCUCUUGA&2UCAAGAGGGUAGCCAGGCUAGCUACAACGACAGGGCCA,34||||||||.|||||||||||||||&2|||||||||||||||...............||||||||,-49.23,35:36:37:44:43:34:50:49:51:52:53:45,39:40:41:48:47:38:54:53:55:56:57:49,34:33:32:11:12:35:5:6:4:3:2:10,38:37:36:15:16:39:9:10:8:7:6:14,-7.82:-6.82:-5.51:-4.41:-4.1:-3.63:-2.86:-1.46:-0.96:-0.76:-0.36:-0.03,2.92:2.91:2.65:2.67:2.71:5.12:3.59:6.45:2.31:3.3:4.59:4.73,1.51:1.5:1.48:1.46:1.46:1.32:1.24:2.78:1.17:0.34:0.37:2.67,0.0070005688410841316:0.007120541321161915:0.011076044725330155:0.010705953186262159:0.010002455283558549:0.00016657263208916912:0.0022423053109878908:1.7382256668286411e-05:0.019737576828023989:0.0036703330672097183:0.00040994605185218439:0.00032315522543770804,0.07685431630792125:0.078171409695823146:0.080873698489927537:0.083669402060037049:0.083669402060037049:0.10614075941023858:0.12159609655797346:0.0088807338740529203:0.13695484356647333:0.56116537616735496:0.53327573891517921:0.010705953186262159,0.356536
