id2,seq2,E,ED1,ED2,Pu1,Pu2,subseqDB,hybridDB,E_hybrid,seedStart1,seedEnd1,seedStart2,seedEnd2,seedE,seedED1,seedED2,seedPu1,seedPu2,P_E
AU-15-16,GAAGUUGUUAUCGACAGGCUAGCUACAACGAAGCGAGUG,-10.41,10.29,10.29,2.54864e-08,2.54864e-08,3AGUUGUUAUCGACAGGCUAGCUACAACGAAGCGAGU&3AGUUGUUAUCGACAGGCUAGCUACAACGAAGCGAGU,3|.|||||.|||...||||||||....||||||||.|&3|.|||||.|||...||||||||....||||||||.|,-30.99,18:19:17:20,22:23:21:24,19:18:20:17,23:22:24:21,-1.37:-1.37:-0.27:-0.27,2.95:3.14:3.01:3.13,3.14:2.95:3.13:3.01,0.006652644086940899:0.0048170412175556577:0.0060078102469988967:0.004899593420758846,0.0048170412175556577:0.006652644086940899:0.004899593420758846:0.0060078102469988967,24.1875
