,E_1,ED1_1,ED2_1,Pu1_1,Pu2_1,E_hybrid_1,P_E_1,seedNumber_1,seedEbest_1,E_2,ED1_2,ED2_2,Pu1_2,Pu2_2,E_hybrid_2,P_E_2,seedNumber_2,seedEbest_2,E_3,ED1_3,ED2_3,Pu1_3,Pu2_3,E_hybrid_3,P_E_3,seedNumber_3,seedEbest_3,E_diff_12,pumin1_4u,pumin5_8u,pumin1_4d,pumin5_8d
mean,-14.660449947680503,6.729333798395535,6.268133937914197,0.004360652696908865,0.031579532726235315,-27.657917683990235,115219.07745694873,7.120683641437042,-4.242584583188002,-22.04446110917335,8.117272410184862,6.574039065224974,0.0013387183372203985,0.016697152546980044,-36.73577258458319,24991.576890405304,9.860830136030694,-4.7539553540286015,-8.66077084059993,124175.36528426927,124175.33318451344,0.05613549546757387,0.0641275026634528,-16.391677711893966,115536.7766029892,2.9933728636205092,-3.2558493198465297,-7.384011161492849,0.20539963225152075,0.2101069234694419,0.19603910047087894,0.2067001641841224
std,3.8525584669089286,2.773051771900831,3.1585436654777914,0.03378777895878338,0.13241500471639084,5.837708383652419,4195026.702208899,2.8940492559086715,1.8423736309543162,4.117657958469795,3.0156681954626223,3.1136055141660646,0.01495567644095466,0.08705944890223584,5.915343183945785,703871.422766079,3.621169016609339,1.775877297746733,4.659932274771585,329832.963489312,329832.97557828116,0.1568900340416614,0.17379647850414473,9.16027978996807,6142579.697064598,1.5839911435737337,2.3107773987640137,2.3204334658678496,0.22725936099054586,0.2266622484436119,0.2145667964737721,0.22160719638308676
