Metric,Mean,Std
Accuracy,0.5285714285714286,0.06499607523472756
Precision,0.5456410256410257,0.08368320156035523
Recall,0.4927272727272727,0.09831640606978743
F1,0.5079391573563063,0.059912767176564956
