Metric,Mean,Std
Accuracy,0.5288037166085947,0.042629126933547645
Precision,0.5333766233766234,0.0497244897180422
Recall,0.4747619047619048,0.09821075029711822
F1,0.49726691357200836,0.06699567345272127
