Metric,Mean,Std
Accuracy,0.7219047619047618,0.10014049088072317
Precision,0.7268109668109668,0.09387641718144658
Recall,0.7327272727272727,0.10903028618592693
F1,0.7257443609022557,0.08906341269332291
