Statistic,Value
Skewness,0.004616687064576575
Kurtosis,-0.11753773253168287
