Statistic,Value
Skewness,-0.0001659998939256861
Kurtosis,3.307202173998741
