Statistic,Value
Skewness,0.000364897144516284
Kurtosis,0.16842071688908122
