Statistic,Value
Skewness,-0.324203683035975
Kurtosis,0.6599507571683998
