Statistic,Value
Skewness,1.2570344281404133
Kurtosis,0.10140339064336068
