Statistic,Value
Skewness,-1.361467151216804
Kurtosis,5.429034035791554
