Statistic,Value
Skewness,3.079065520655816
Kurtosis,9.261426654756486
