Statistic,Pu1_1
Min,0.0
Max,0.0511159
Mean,0.0038179333622189392
Median,0.000301964
