Statistic,Value
Skewness,-1.233580392308584
Kurtosis,0.5391065240331856
