Metric,Value
MAE,0.09179414596273296
MSE,0.018886505613382384
RMSE,0.13742818347552435
R² Score,-0.34959647294539375
