Metric,Value
MAE,0.07765806418219459
MSE,0.009725998670723655
RMSE,0.09862047794816071
R² Score,-0.5363298063745272
