Statistic,Value
Skewness,0.010257245489747454
Kurtosis,0.04113602128499183
