Statistic,Value
Skewness,0.011286923242975415
Kurtosis,-0.026447244227121303
