Statistic,Value
Skewness,-0.5170664241946075
Kurtosis,1.1214556228107933
