Statistic,Value
Skewness,7.5913792328591115e-06
Kurtosis,3.337795144819001
