Metric,Value
MAE,0.0810868806073154
MSE,0.015014564311692794
RMSE,0.12253393126678339
R² Score,-0.039010539008049294
