Metric,Value
MAE,0.09719155797101452
MSE,0.02283864339836957
RMSE,0.15112459561027639
R² Score,-0.2253062704980171
