Metric,Value
MAE,0.08161526397515526
MSE,0.015542460178101885
RMSE,0.12466940353632035
R² Score,-0.7063675564950809
