Metric,Value
MAE,0.07764936853002069
MSE,0.00972574997507148
RMSE,0.09861921706782853
R² Score,-0.5362905221265968
