Metric,Value
MAE,0.08405963768115943
MSE,0.012428695387560392
RMSE,0.1114840588943567
R² Score,-1.0735234079520146
