id2,seq2,E_1,ED1_1,ED2_1,Pu1_1,Pu2_1,E_hybrid_1,P_E_1,seedNumber_1,seedEbest_1,E_2,ED1_2,ED2_2,Pu1_2,Pu2_2,E_hybrid_2,P_E_2,seedNumber_2,seedEbest_2,E_3,ED1_3,ED2_3,Pu1_3,Pu2_3,E_hybrid_3,P_E_3,seedNumber_3,seedEbest_3,E_diff_12,pumin1_4u,pumin5_8u,pumin1_4d,pumin5_8d
A-15-16,AACAACCAGUGGCUAGCUACAACGA,-11.99,5.5,2.37,0.000133165,0.0213778,-19.86,0.560974,7,-2.75,-11.99,5.5,2.37,0.000133165,0.0213778,-19.86,0.560943,7,-2.75,-17.04,2.38,2.38,0.0210338,0.0210338,-21.8,0.961363,8,-2.82,0.0,0.0945094,0.06355458,0.2843929,0.1103002
