id2,seq2,E_1,ED1_1,ED2_1,Pu1_1,Pu2_1,subseqDB_1,hybridDB_1,E_hybrid_1,seedStart1_1,seedEnd1_1,seedStart2_1,seedEnd2_1,seedE_1,seedED1_1,seedED2_1,seedPu1_1,seedPu2_1,P_E_1,seedNumber_1,seedEbest_1,id2_2,seq2_2,E_2,ED1_2,ED2_2,Pu1_2,Pu2_2,subseqDB_2,hybridDB_2,E_hybrid_2,seedStart1_2,seedEnd1_2,seedStart2_2,seedEnd2_2,seedE_2,seedED1_2,seedED2_2,seedPu1_2,seedPu2_2,P_E_2,seedNumber_2,seedEbest_2,id2_3,seq2_3,E_3,ED1_3,ED2_3,Pu1_3,Pu2_3,subseqDB_3,hybridDB_3,E_hybrid_3,seedStart1_3,seedEnd1_3,seedStart2_3,seedEnd2_3,seedE_3,seedED1_3,seedED2_3,seedPu1_3,seedPu2_3,P_E_3,seedNumber_3,seedEbest_3,E_diff_12,pumin1_4u,pumin5_8u,pumin1_4d,pumin5_8d
A-16-16,UAACAACCAGGGCUAGCUACAACGA,-13.79,5.5,0.86,8.73325e-05,0.231925,14CCACUGGUUGUUA&1UAACAACCAGGG,14||.||||||||||&1||||||||||||,-20.15,17:19:18:20:22,21:23:22:24:26,6:4:5:3:1,10:8:9:7:5,-4.45:-4.4:-2.09:-1.62:-0.48,2.82:3.76:2.99:2.84:2.82,0.51:0.04:0.25:0.03:0.02,0.0082971727892835589:0.0016797327090099996:0.0062154928047363439:0.0080199336191963764:0.0082971727892835589,0.42037443915116202:0.93428909220280065:0.653894960989297:0.95030050242469288:0.96658630871888551,39.3727,5,-4.45,A-16-16,UAACAACCAGGGCUAGCUACAACGA,-13.79,5.5,0.86,8.73325e-05,0.231925,14CCACUGGUUGUUA&1UAACAACCAGGG,14||.||||||||||&1||||||||||||,-20.15,17:19:18:20:22,21:23:22:24:26,6:4:5:3:1,10:8:9:7:5,-4.45:-4.4:-2.09:-1.62:-0.48,2.82:3.76:2.99:2.84:2.82,0.51:0.04:0.25:0.03:0.02,0.0082971727892835589:0.0016797327090099996:0.0062154928047363439:0.0080199336191963764:0.0082971727892835589,0.42037443915116202:0.93428909220280065:0.653894960989297:0.95030050242469288:0.96658630871888551,37.2072,5,-4.45,A-16-16,UAACAACCAGGGCUAGCUACAACGA,-14.97,0.82,0.82,0.248237,0.248237,11GGCUAGCU&11GGCUAGCU,11||||||||&11||||||||,-16.61,12:13:11:14,16:17:15:18,13:12:14:11,17:16:18:15,-7.11:-7.11:-5.71:-5.71,0.05:0.55:0.28:0.55,0.55:0.05:0.55:0.28,0.9185474548123862:0.39275125313980064:0.62139670996110385:0.39275125313980064,0.39275125313980064:0.9185474548123862:0.39275125313980064:0.62139670996110385,0.80552,4,-7.11,0.0,0.0945094,0.1841303,0.1743931,0.1103002
