,seedNumber_1,pumin5_8d,pumin1_4d,E_diff_12,E_3,Pu1_1,Y
seedNumber_1,1.0,0.09623428591953673,0.03491737846333412,0.16405208649230177,-0.2626430102273676,-0.04559515346258491,0.2812102971473875
pumin5_8d,0.09623428591953673,1.0,0.3216911717758553,-0.028436136325464854,-0.0386641411587233,0.24276565006981965,0.19767541461945057
pumin1_4d,0.03491737846333412,0.3216911717758553,1.0,-0.046253494990181804,-0.07414697701125132,0.22130906088701063,0.24414541824859148
E_diff_12,0.16405208649230177,-0.028436136325464854,-0.046253494990181804,1.0,-0.0966773746248759,0.08661912765957915,-0.10981704589890479
E_3,-0.2626430102273676,-0.0386641411587233,-0.07414697701125132,-0.0966773746248759,1.0,-0.032640808326415346,-0.12035727025896815
Pu1_1,-0.04559515346258491,0.24276565006981965,0.22130906088701063,0.08661912765957915,-0.032640808326415346,1.0,0.016364764345554818
Y,0.2812102971473875,0.19767541461945057,0.24414541824859148,-0.10981704589890479,-0.12035727025896815,0.016364764345554818,1.0
