Feature,Importance
E_diff_12,0.3682324768087755
pumin5_8d,0.23553754493725032
pumin1_4d,0.1503549267556018
seedNumber_1,0.10703808035329655
Pu1_1,0.09881222846966967
E_3,0.04002474267540616
