R2 Score,MAE,RMSE
0.9037517187193086,0.03071428571428572,0.041833001326703784
