Statistic,Value
Skewness,-0.156163159020878
Kurtosis,-0.9654159187935742
