Statistic,Value
Skewness,0.5401175053345941
Kurtosis,-0.9296984295052173
