Statistic,Value
Skewness,0.09270754199919351
Kurtosis,-1.2832973572542639
