Statistic,Value
Skewness,2.5530476382493192e-11
Kurtosis,3.308400341807494
