Statistic,Value
Skewness,-1.3091082855229261
Kurtosis,2.482127672517084
