Statistic,pumin1_4u
Min,0.0008735421
Max,0.9873714
Mean,0.3618621776395652
Median,0.2897902
