Metric,Value
MAE,0.06316739130434781
MSE,0.006412064999999998
RMSE,0.08007537074531718
R² Score,-0.012857076524555922
