Metric,Value
MAE,0.08570000000000001
MSE,0.014951326231884055
RMSE,0.12227561585158365
R² Score,-0.03463445256132225
