Metric,Value
MAE,0.08853043478260869
MSE,0.01388381826086957
RMSE,0.11782961538114928
R² Score,0.00788676637950525
