Metric,Value
MAE,0.06629565217391302
MSE,0.006573025217391303
RMSE,0.08107419575543937
R² Score,-0.09660114954309962
