Metric,Value
MAE,0.07129347826086954
MSE,0.010055501956521738
RMSE,0.10027712578909379
R² Score,-0.10396823323094795
