Metric,Value
MAE,0.09321304347826087
MSE,0.01872604086956522
RMSE,0.13684312503580595
R² Score,-0.0046627944949848565
