Statistic,Value
Skewness,1.4029471515110175
Kurtosis,1.2519731038572424
