Statistic,pumin5_8d
Min,0.0003045052
Max,0.9642057
Mean,0.23920644922555068
Median,0.1574509
