Statistic,Value
Skewness,-0.24154472959830514
Kurtosis,-0.8745854985379471
