Statistic,Value
Skewness,-1.9157784224296226
Kurtosis,5.115823172418706
