Statistic,Value
Skewness,-0.2136200117948528
Kurtosis,-0.8829177126022896
