Statistic,Value
Skewness,1.4418609643487854
Kurtosis,3.3794049821843073
