R2 Score,MAE,RMSE
0.9375368296994696,0.023571428571428577,0.03370036032024414
