Feature,Importance
E_diff_12,0.3714632872996353
pumin5_8d,0.19653402813828705
pumin1_4u,0.12882260412561028
E_1,0.12170868283142397
pumin1_4d,0.08553332813457987
seedNumber_1,0.07892015880452004
seedNumber_3,0.017017910665943586
