R2 Score,MAE,RMSE
0.935179728933412,0.025,0.03433032811627976
