Metric,Mean,Std
Accuracy,0.5842105263157895,0.11090161845108146
Precision,0.5978632478632478,0.11443419906522147
Recall,0.5711111111111111,0.16293602470954097
F1,0.571716247139588,0.11810127940670391
