id2,seq2,E_1,ED1_1,ED2_1,Pu1_1,Pu2_1,subseqDB_1,hybridDB_1,E_hybrid_1,seedStart1_1,seedEnd1_1,seedStart2_1,seedEnd2_1,seedE_1,seedED1_1,seedED2_1,seedPu1_1,seedPu2_1,P_E_1,seedNumber_1,seedEbest_1,id2_2,seq2_2,E_2,ED1_2,ED2_2,Pu1_2,Pu2_2,subseqDB_2,hybridDB_2,E_hybrid_2,seedStart1_2,seedEnd1_2,seedStart2_2,seedEnd2_2,seedE_2,seedED1_2,seedED2_2,seedPu1_2,seedPu2_2,P_E_2,seedNumber_2,seedEbest_2,id2_3,seq2_3,E_3,ED1_3,ED2_3,Pu1_3,Pu2_3,subseqDB_3,hybridDB_3,E_hybrid_3,seedStart1_3,seedEnd1_3,seedStart2_3,seedEnd2_3,seedE_3,seedED1_3,seedED2_3,seedPu1_3,seedPu2_3,P_E_3,seedNumber_3,seedEbest_3,E_diff_12,pumin1_4u,pumin5_8u,pumin1_4d,pumin5_8d
AC-67-68,AGACCAUUGAGGCUAGCUACAACGAUACUCUGGACUAAAAC,-17.03,6.69,4.55,1.93129e-05,0.000622032,58UCCAGAGUACUCAAUGGUCU&1AGACCAUUGAGGCUAGCUACAACGAUACUCUGGA,58||||||||||||||||||||&1|||||||||||..............|||||||||,-28.27,73:72,77:76,1:2,5:6,-2.2:-2.19,2.13:2.44,2.01:2.02,0.031555968368370775:0.019082618864132456,0.03833895755231332:0.037721915200620834,5646570000.0,2,-2.2,AC-67-68,AGACCAUUGAGGCUAGCUACAACGAUACUCUGGACUAAAAC,-27.1,7.32,4.55,6.94887e-06,0.000622032,51GUUUUAGUCCAGAGUACUCAAUGGUCU&1AGACCAUUGAGGCUAGCUACAACGAUACUCUGGACUAAAAC,51|||||||||||||||||||||||||||&1|||||||||||..............||||||||||||||||,-38.97,56:57:73:72:55,60:61:77:76:59,32:31:1:2:33,36:35:5:6:37,-3.54:-2.46:-2.2:-2.19:-1.63,1.53:1.52:2.13:2.44:1.18,2.17:2.37:2.01:2.02:2.09,0.083536341699200684:0.084902800969885103:0.031555968368370775:0.019082618864132456:0.14740263624838637,0.029572990881357428:0.021377845593191214:0.03833895755231332:0.037721915200620834:0.03367191176775252,668.174,5,-3.54,AC-67-68,AGACCAUUGAGGCUAGCUACAACGAUACUCUGGACUAAAAC,-8.5,4.55,4.55,0.000622032,0.000622032,1AGACCAUUGAGGCUAGCUACAACGAUACUCUGGACU&1AGACCAUUGAGGCUAGCUACAACGAUACUCUGGACU,1||.||||||.||||||||.|||........|||.||&1||.||||||.||||||||.|||........|||.||,-17.6,12:13:11:14,16:17:15:18,13:12:14:11,17:16:18:15,-4.82:-4.82:-1.77:-1.77,0.41:0.5:3.13:0.5,0.5:0.41:0.5:3.13,0.51415114521457461:0.44429529732476952:0.006229094864982924:0.44429529732476952,0.44429529732476952:0.51415114521457461:0.44429529732476952:0.006229094864982924,1.18492,4,-4.82,-10.07,0.006930707,0.02813188,0.7237012,0.1123117
