Statistic,Value
Skewness,0.16043446989189525
Kurtosis,-0.05984987506553052
