Statistic,Value
Skewness,-0.036192032183984785
Kurtosis,-0.9081895143743677
