Statistic,Value
Skewness,-1.0263674892931554
Kurtosis,5.502886920178341
