Statistic,Value
Skewness,1.2222003677672342
Kurtosis,0.022931686751430647
