Statistic,Value
Skewness,-0.8293315839212948
Kurtosis,0.8228226422249998
