Statistic,Value
Skewness,-0.43133236280852144
Kurtosis,-1.2725063827224965
