Statistic,Value
Skewness,0.06945456578679414
Kurtosis,-1.4813016742168599
