Statistic,Value
Skewness,-1.4737898550558233
Kurtosis,1.6939077446946191
