Statistic,Value
Skewness,-2.0113468394773394e-06
Kurtosis,3.3084450439266186
