Statistic,Value
Skewness,-0.11766629229699695
Kurtosis,-1.549043543551925
