Statistic,Value
Skewness,-0.05490969823546912
Kurtosis,-0.6752529837189867
