Statistic,Value
Skewness,1.2140178598130738
Kurtosis,0.7603934692762149
