Statistic,Value
Skewness,2.5530380740791185e-11
Kurtosis,3.308400341807495
