Statistic,Value
Skewness,-0.621024413944617
Kurtosis,0.13293206623755704
