Statistic,Value
Skewness,0.20734359488498033
Kurtosis,-1.1280481072852564
