Statistic,pumin1_4d
Min,0.004427356
Max,0.9795687
Mean,0.258710976
Median,0.18208455
