Statistic,Value
Skewness,-0.05314672473755476
Kurtosis,-0.7064267352024172
