Statistic,Value
Skewness,-0.551504020028951
Kurtosis,-0.063437982357466
