Statistic,Value
Skewness,2.5781480168017655e-11
Kurtosis,3.3376751944375354
