Statistic,Value
Skewness,0.20864657309248
Kurtosis,-1.1304567480986571
