id2,E_1,ED1_1,ED2_1,Pu1_1,Pu2_1,E_hybrid_1,P_E_1,seedNumber_1,seedEbest_1,E_2,ED1_2,ED2_2,Pu1_2,Pu2_2,E_hybrid_2,P_E_2,seedNumber_2,seedEbest_2,E_3,ED1_3,ED2_3,Pu1_3,Pu2_3,E_hybrid_3,P_E_3,seedNumber_3,seedEbest_3,E_diff_12,pumin1_4u,pumin5_8u,pumin1_4d,pumin5_8d
AC-67-68,-20.94,6.39,7.64,1.92479e-05,2.30104e-06,-34.97,52398500000.0,4,-3.07,-33.42,6.99,7.64,6.9439e-06,2.30104e-06,-48.05,0.801634,10,-4.28,-10.03,7.64,7.64,2.30104e-06,2.30104e-06,-25.31,6.3567,4,-5.66,-12.48,0.006930707,0.02813188,0.7237012,0.1123117
