Statistic,Value
Skewness,-0.025074756687286003
Kurtosis,-0.3333772715751384
