Statistic,Value
Skewness,-1.1014076183196655
Kurtosis,2.7907915982446108
