Statistic,Value
Skewness,2.553293915631988e-11
Kurtosis,3.3084003418074808
