Statistic,Value
Skewness,1.3918003545340119
Kurtosis,1.2109331033460586
