Statistic,Value
Skewness,0.23655290219544295
Kurtosis,-1.0288215362314523
