Statistic,pumin5_8d
Min,0.0003045052
Max,0.9642057
Mean,0.2389908299747826
Median,0.15645265
