Statistic,Value
Skewness,-1.5299775203686323
Kurtosis,1.6014532064071432
