Statistic,Value
Skewness,-0.0296001323699651
Kurtosis,1.7000172562575688
