Statistic,Value
Skewness,-1.7855843414409427
Kurtosis,3.2077693796970452
