Statistic,Value
Skewness,-0.28216942132674333
Kurtosis,-0.8362056290396995
