Statistic,Value
Skewness,0.9950670553977402
Kurtosis,3.36078848192052
