Statistic,Value
Skewness,-0.24248593912520244
Kurtosis,-0.8561688817878372
