Statistic,Value
Skewness,-0.7076920498329495
Kurtosis,-0.1425574576535502
