Statistic,Value
Skewness,-2.178765432464573
Kurtosis,5.90727580092393
