,seedNumber_1,pumin1_4u,pumin1_4d,E_diff_12,E_3,Pu1_1,Y
seedNumber_1,1.0,-0.08193679580556162,0.03491737846333412,0.16405208649230177,-0.2626430102273676,-0.04559515346258491,0.2812102971473875
pumin1_4u,-0.08193679580556162,1.0,-0.06493947194507915,0.012536097192864729,0.01024771945056809,0.20607991338277393,-0.07269938212328188
pumin1_4d,0.03491737846333412,-0.06493947194507915,1.0,-0.046253494990181804,-0.07414697701125132,0.22130906088701063,0.24414541824859148
E_diff_12,0.16405208649230177,0.012536097192864729,-0.046253494990181804,1.0,-0.0966773746248759,0.08661912765957915,-0.10981704589890479
E_3,-0.2626430102273676,0.01024771945056809,-0.07414697701125132,-0.0966773746248759,1.0,-0.032640808326415346,-0.12035727025896815
Pu1_1,-0.04559515346258491,0.20607991338277393,0.22130906088701063,0.08661912765957915,-0.032640808326415346,1.0,0.016364764345554818
Y,0.2812102971473875,-0.07269938212328188,0.24414541824859148,-0.10981704589890479,-0.12035727025896815,0.016364764345554818,1.0
