R2 Score,MAE,RMSE
0.94067963072088,0.022142857142857148,0.03284161123592186
