Feature,Importance
E_diff_12,0.4081029124374931
pumin1_4d,0.22210111434783517
seedNumber_1,0.11442262904801377
pumin1_4u,0.11070706670647375
Pu1_1,0.09109317272406148
E_3,0.053573104736122756
