Statistic,Value
Skewness,-0.0756241913259586
Kurtosis,-0.6810929270382817
