Statistic,Value
Skewness,-0.0192133904748326
Kurtosis,-0.9121459760516459
