Statistic,Value
Skewness,-0.9780327884849702
Kurtosis,1.1541718595550092
