Statistic,Value
Skewness,0.8982568282834944
Kurtosis,-0.41241161122743764
