Statistic,Value
Skewness,1.3551854056645074
Kurtosis,1.1514288829055337
