id2,E_1,ED1_1,ED2_1,Pu1_1,Pu2_1,E_hybrid_1,P_E_1,seedNumber_1,seedEbest_1,E_2,ED1_2,ED2_2,Pu1_2,Pu2_2,E_hybrid_2,P_E_2,seedNumber_2,seedEbest_2,E_3,ED1_3,ED2_3,Pu1_3,Pu2_3,E_hybrid_3,P_E_3,seedNumber_3,seedEbest_3,E_diff_12,pumin1_4u,pumin5_8u,pumin1_4d,pumin5_8d
TG-150-152,-14.36,5.15,3.7,0.000234973,0.00247042,-23.21,0.762705,10,-3.27,-23.15,5.61,3.7,0.000111398,0.00247042,-32.46,0.513369,15,-4.07,-11.16,1.12,1.12,0.162474,0.162474,-13.4,0.84677,4,-4.53,-8.79,0.04663176,0.3400485,0.216872,0.5841787
