id2,E_1,Pu1_1,Pu2_1,E_hybrid_1,seedNumber_1,seedEbest_1,E_3,seedNumber_3,E_diff_12,pumin1_4u,pumin5_8u,pumin1_4d,pumin5_8d
TG-150-152,0.17575403297473255,-0.3305446357187475,-0.38478428553436356,0.3568091134746244,1.0045984624191784,1.0141688333704784,-0.7008195486647796,0.5205788052326362,-31.828276201541154,-0.9579843053373143,0.3389606596656189,-0.11140419801723721,2.0978933140246587
