id2,seq2,E,ED1,ED2,Pu1,Pu2,subseqDB,hybridDB,E_hybrid,seedStart1,seedEnd1,seedStart2,seedEnd2,seedE,seedED1,seedED2,seedPu1,seedPu2,P_E
TG-150-152,ACAAACAUCAGGCUAGCUACAACGAUUGCAAAAGCAGACA,-11.16,1.12,1.12,0.162474,0.162474,11GGCUAGCU&11GGCUAGCU,11||||||||&11||||||||,-13.4,12:13:11:14,16:17:15:18,13:12:14:11,17:16:18:15,-4.53:-4.53:-3.64:-3.64,0.91:1:1.04:0.98,1:0.91:0.98:1.04,0.22843493593298012:0.19739831122490537:0.18499379862798601:0.20390907954962245,0.19739831122490537:0.22843493593298012:0.20390907954962245:0.18499379862798601,0.84677
