id2,seq2,E,ED1,ED2,Pu1,Pu2,subseqDB,hybridDB,E_hybrid,seedStart1,seedEnd1,seedStart2,seedEnd2,seedE,seedED1,seedED2,seedPu1,seedPu2,P_E
CT-137-139,UAAGGAUUAGGGCUAGCUACAACGAUAACACUACAGCUGAU,-7.86,2.17,2.17,0.029573,0.029573,11GGCUAGCU&11GGCUAGCU,11||||||||&11||||||||,-12.2,12:13:11:14,16:17:15:18,13:12:14:11,17:16:18:15,-2.56:-2.56:-1.36:-1.36,1.57:1.97:1.6:1.91,1.97:1.57:1.91:1.6,0.078286916835947101:0.040909725250677001:0.074567484501688736:0.045092670577939746,0.040909725250677001:0.078286916835947101:0.045092670577939746:0.074567484501688736,0.571326
