id2,seq2,E,ED1,ED2,Pu1,Pu2,subseqDB,hybridDB,E_hybrid,seedStart1,seedEnd1,seedStart2,seedEnd2,seedE,seedED1,seedED2,seedPu1,seedPu2,P_E
AC-67-68,AGACCAUUGAGGCUAGCUACAACGAUACUCUGGACUAAAAC,-10.03,7.64,7.64,2.30104e-06,2.30104e-06,1AGACCAUUGAGGCUAGCUACAACGAUACUCUGGACU&1AGACCAUUGAGGCUAGCUACAACGAUACUCUGGACU,1||.||||||.||||||||.|||........|||.||&1||.||||||.||||||||.|||........|||.||,-25.31,12:13:11:14,16:17:15:18,13:12:14:11,17:16:18:15,-5.66:-5.66:-1.14:-1.14,0.83:0.96:4.28:0.96,0.96:0.83:0.96:4.28,0.2440543365341728:0.19568191238988819:0.00069421948606816493:0.19568191238988819,0.19568191238988819:0.2440543365341728:0.19568191238988819:0.00069421948606816493,6.3567
