id2,seq2,E,ED1,ED2,Pu1,Pu2,subseqDB,hybridDB,E_hybrid,seedStart1,seedEnd1,seedStart2,seedEnd2,seedE,seedED1,seedED2,seedPu1,seedPu2,P_E
TG-157-159,AUGUUUGACAGGCUAGCUACAACGAAACAUCAUUGCAAAAG,-12.42,2.69,2.69,0.0127196,0.0127196,1AUGUUUGACAGGCUAGCUACAACGAAACAU&1AUGUUUGACAGGCUAGCUACAACGAAACAU,1||||||....||||||||......||||||&1||||||....||||||||......||||||,-17.8,12:13:11:14,16:17:15:18,13:12:14:11,17:16:18:15,-5.54:-5.54:-4.53:-4.53,0.12:0.23:0.85:0.22,0.23:0.12:0.22:0.85,0.82307841378610314:0.68853970568534617:0.25179199448053441:0.69980260569904251,0.68853970568534617:0.82307841378610314:0.69980260569904251:0.25179199448053441,2.32395
