id2,seq2,E,ED1,ED2,Pu1,Pu2,subseqDB,hybridDB,E_hybrid,seedStart1,seedEnd1,seedStart2,seedEnd2,seedE,seedED1,seedED2,seedPu1,seedPu2,P_E
AC-67-68,AGACCAUUGAGGCUAGCUACAACGAUACUCUGGACUAAAAC,-20.94,6.39,7.64,1.92479e-05,2.30104e-06,58UCCAGAGUACUCAAUGGUCU&1AGACCAUUGAGGCUAGCUACAACGAUACUCUGGA,58||||||||||||||||||||&1|||||||||||..............|||||||||,-34.97,72:73:71:70,76:77:75:74,2:1:3:4,6:5:7:8,-3.07:-3.02:-0.64:-0.33,2.33:2.03:2.41:2.51,3.02:3.02:3.18:3.2,0.019078071529255121:0.031763246427969453:0.016653174382391039:0.014050773275094569,0.0059065859351580098:0.0059065859351580098:0.004500509066253551:0.0043501304457058947,5.23985e+10
