id2,seq2,E,ED1,ED2,Pu1,Pu2,subseqDB,hybridDB,E_hybrid,seedStart1,seedEnd1,seedStart2,seedEnd2,seedE,seedED1,seedED2,seedPu1,seedPu2,P_E
CT-157-159,AUACACAGUUGGCUAGCUACAACGACUUGCUGUCAUAAGGA,-23.58,6.07,6.67,5.28122e-05,1.99499e-05,142UCCUUAUGACAGCAAGAACUGUGUAU&1AUACACAGUUGGCUAGCUACAACGACUUGCUGUCAUAAGGA,142||||||||||||||||||||||||||&1||||||||||...............||||||||||||||||,-36.32,160:143:142:162:161:159:149:150:151:153:144:163,164:147:146:166:165:163:153:154:155:157:148:167,4:36:37:2:3:5:30:29:28:26:35:1,8:40:41:6:7:9:34:33:32:30:39:5,-3.47:-3.1:-2.95:-2.67:-2.15:-1.5:-1.21:-0.85:-0.3:-0.3:-0.25:-0.12,2.13:1.57:1.49:2.28:2.19:2.04:3.2:3.4:3.44:2.34:1.63:2.4,0.75:0.14:0.13:0.17:0.18:0.71:2.07:2.57:2.73:2.86:0.35:0.09,0.031555968368370775:0.078286916835947101:0.089137759749932738:0.024739050492189045:0.028628732328855686:0.036517463436244658:0.00556030974490959:0.0040194596364592538:0.0037668767375282678:0.022444174310962271:0.071024763391326434:0.020362178437685265,0.29614716169005689:0.79679771614834627:0.80983146414286133:0.75894164377911799:0.74672693668814361:0.31600491489568505:0.034782508992266627:0.015453705174420573:0.011920310602674435:0.0096534425884015149:0.56672216878424508:0.864133633582297,0.554024
