id2,seq2,E,ED1,ED2,Pu1,Pu2,subseqDB,hybridDB,E_hybrid,seedStart1,seedEnd1,seedStart2,seedEnd2,seedE,seedED1,seedED2,seedPu1,seedPu2,P_E
TG-157-159,AUGUUUGACAGGCUAGCUACAACGAAACAUCAUUGCAAAAG,-20.81,7.29,2.7,7.29548e-06,0.0125149,142CUUUUGCAAUGAUGUUUGUCAAACAU&1AUGUUUGACAGGCUAGCUACAACGAAACAUCAUUGCAAAAG,142||||||||||||||||||||||||||&1||||||||||...............||||||||||||||||,-30.8,145:144:146:152:147:158:151:159:148,149:148:150:156:151:162:155:163:152,34:35:33:27:32:6:28:5:31,38:39:37:31:36:10:32:9:35,-2.85:-2.62:-2.52:-2.39:-2.33:-2.18:-1.84:-1.54:-0.57,2.01:2.21:2.02:1.17:2.48:0.97:1.19:1.65:2.68,0.11:0.11:0.12:1.26:0.12:1.39:1.25:1.55:0.12,0.03833895755231332:0.027714623726947368:0.037721915200620834:0.14981379880025161:0.017883466831810114:0.2072445554210775:0.14503027990060965:0.068756959619272029:0.012927674246246043,0.83654205255865199:0.83654205255865199:0.82307841378610314:0.12945914231802855:0.82307841378610314:0.10484008677008817:0.1315767912549704:0.080869046212902668:0.82307841378610314,6.67074
