id2,seq2,E,ED1,ED2,Pu1,Pu2,subseqDB,hybridDB,E_hybrid,seedStart1,seedEnd1,seedStart2,seedEnd2,seedE,seedED1,seedED2,seedPu1,seedPu2,P_E
AC-67-68,AGACCAUUGAGGCUAGCUACAACGAUACUCUGGACUAAAAC,-33.42,6.99,7.64,6.9439e-06,2.30104e-06,51GUUUUAGUCCAGAGUACUCAAUGGUCU&1AGACCAUUGAGGCUAGCUACAACGAUACUCUGGACUAAAAC,51|||||||||||||||||||||||||||&1|||||||||||..............||||||||||||||||,-48.05,56:57:72:73:55:51:53:71:54:70,60:61:76:77:59:55:57:75:58:74,32:31:2:1:33:37:35:3:34:4,36:35:6:5:37:41:39:7:38:8,-4.28:-3.14:-3.07:-3.02:-1.97:-0.9:-0.65:-0.64:-0.41:-0.33,1.46:1.45:2.33:2.03:1.12:0.75:1.71:2.41:1.12:2.51,3.22:3.54:3.02:3.02:3.15:0:1.26:3.18:1.27:3.2,0.083669402060037049:0.08510328920544416:0.019078071529255121:0.031763246427969453:0.14909936644965871:0.27959150504946167:0.054711000396045734:0.016653174382391039:0.14909936644965871:0.014050773275094569,0.004204776529960502:0.0024411425879416141:0.0059065859351580098:0.0059065859351580098:0.0047358799187946317:1:0.11753312212659672:0.004500509066253551:0.11555283165192362:0.0043501304457058947,0.801634
