id2,seq2,E,ED1,ED2,Pu1,Pu2,subseqDB,hybridDB,E_hybrid,seedStart1,seedEnd1,seedStart2,seedEnd2,seedE,seedED1,seedED2,seedPu1,seedPu2,P_E
TG-150-152,ACAAACAUCAGGCUAGCUACAACGAUUGCAAAAGCAGACA,-23.15,5.61,3.7,0.000111398,0.00247042,136UGUCUGCUUUUGCAAUGAUGUUUGU&1ACAAACAUCAGGCUAGCUACAACGAUUGCAAAAGCAGACA,136|||||||||||||||||||||||||&1||||||||||...............|||||||||||||||,-32.46,137:139:138:152:151:155:136:140:141:145:146:154:156:153:144,141:143:142:156:155:159:140:144:145:149:150:158:160:157:148,35:33:34:5:6:2:36:32:31:27:26:3:1:4:28,39:37:38:9:10:6:40:36:35:31:30:7:5:8:32,-4.07:-4.04:-3.76:-3.27:-2.85:-2.68:-2.67:-1.79:-1.62:-1.06:-0.7:-0.54:-0.43:-0.18:-0.02,0.77:0.74:0.73:1.17:1.19:1.1:0.72:0.77:0.82:2.01:2.02:1.28:1.09:1.77:2.21,2.4:2.43:2.43:0.31:0.34:0.01:0.61:2.42:2.43:1.91:1.91:0.01:0:0.25:1.9,0.28669125338011198:0.30099143696410963:0.30591495325738022:0.14981379880025161:0.14503027990060965:0.16783316175228755:0.31091900676770456:0.28669125338011198:0.26435140012545855:0.03833895755231332:0.037721915200620834:0.1253255427499714:0.17057851994178658:0.05659236926018555:0.027714623726947368,0.020362178437685265:0.019394765900086271:0.019394765900086271:0.60472296845307305:0.57599241866214967:0.98390560434903551:0.37167169996621929:0.019712018931854845:0.019394765900086271:0.045092670577939746:0.045092670577939746:0.98390560434903551:1:0.66655479694078379:0.045830281257289544,0.513369
