id2,seq2,E,ED1,ED2,Pu1,Pu2,subseqDB,hybridDB,E_hybrid,seedStart1,seedEnd1,seedStart2,seedEnd2,seedE,seedED1,seedED2,seedPu1,seedPu2,P_E
CT-137-139,UAAGGAUUAGGGCUAGCUACAACGAUAACACUACAGCUGAU,-14.18,4.44,3.05,0.000743575,0.00709247,128UGUAGUGUUACUAAUCCUUA&1UAAGGAUUAGGGCUAGCUACAACGAUAACACUACA,128||||||||||||||||||||&1||||||||||...............||||||||||,-21.67,140:141:142:143:130:131:129:132:139:138:128:133,144:145:146:147:134:135:133:136:143:142:132:137,4:3:2:1:29:28:30:27:5:6:31:26,8:7:6:5:33:32:34:31:9:10:35:30,-3.71:-3.6:-3.23:-3.13:-2.75:-2.73:-2.19:-2.18:-1.9:-1.72:-1.4:-0.5,0.9:0.85:1.49:1.57:1.61:1.44:1.23:1.73:0.9:0.88:1.54:1.47,0.19:0.16:0.14:0.06:0.28:0.28:0.21:0.26:0.15:0.16:1.36:0.11,0.23217159748176816:0.25179199448053441:0.089137759749932738:0.078286916835947101:0.073367365903421397:0.096670628769415901:0.13591657511358074:0.060387095151452713:0.23217159748176816:0.23982928955321148:0.082191874764659584:0.0920777813697473,0.73470881792585185:0.77135615492427601:0.79679771614834627:0.90723669115953587:0.63488660045922063:0.63488660045922063:0.71124974042813871:0.65582700031577057:0.78397373845086993:0.77135615492427601:0.11006951902551425:0.83654205255865199,0.541207
