id2,seq2,E,ED1,ED2,Pu1,Pu2,subseqDB,hybridDB,E_hybrid,seedStart1,seedEnd1,seedStart2,seedEnd2,seedE,seedED1,seedED2,seedPu1,seedPu2,P_E
TG-150-152,ACAAACAUCAGGCUAGCUACAACGAUUGCAAAAGCAGACA,-14.36,5.15,3.7,0.000234973,0.00247042,141GCUUUUGCAAUGAUGUUUGU&1ACAAACAUCAGGCUAGCUACAACGAUUGCAAAAGC,141||||||||||||||||||||&1||||||||||...............||||||||||,-23.21,152:151:155:141:145:146:154:156:153:144,156:155:159:145:149:150:158:160:157:148,5:6:2:31:27:26:3:1:4:28,9:10:6:35:31:30:7:5:8:32,-3.27:-2.85:-2.68:-1.62:-1.06:-0.7:-0.54:-0.43:-0.18:-0.02,1.17:1.19:1.1:0.82:2.01:2.02:1.28:1.09:1.77:2.21,0.31:0.34:0.01:2.43:1.91:1.91:0.01:0:0.25:1.9,0.14981379880025161:0.14503027990060965:0.16783316175228755:0.26435140012545855:0.03833895755231332:0.037721915200620834:0.1253255427499714:0.17057851994178658:0.05659236926018555:0.027714623726947368,0.60472296845307305:0.57599241866214967:0.98390560434903551:0.019394765900086271:0.045092670577939746:0.045092670577939746:0.98390560434903551:1:0.66655479694078379:0.045830281257289544,0.762705
