id2,seq2,E,ED1,ED2,Pu1,Pu2,subseqDB,hybridDB,E_hybrid,seedStart1,seedEnd1,seedStart2,seedEnd2,seedE,seedED1,seedED2,seedPu1,seedPu2,P_E
CT-137-139,UAAGGAUUAGGGCUAGCUACAACGAUAACACUACAGCUGAU,-23.65,8.02,3.05,2.2318e-06,0.00709247,122AUCAGCUGUAGUGUUACUAAUCCUUA&1UAAGGAUUAGGGCUAGCUACAACGAUAACACUACAGCUGAU,122||||||||||||||||||||||||||&1||||||||||...............||||||||||||||||,-34.72,140:141:142:124:143:123:130:125:131:126:129:132:139:138:128:127:133:122,144:145:146:128:147:127:134:129:135:130:133:136:143:142:132:131:137:126,4:3:2:35:1:36:29:34:28:33:30:27:5:6:31:32:26:37,8:7:6:39:5:40:33:38:32:37:34:31:9:10:35:36:30:41,-3.71:-3.6:-3.23:-3.22:-3.13:-2.8:-2.75:-2.73:-2.73:-2.71:-2.19:-2.18:-1.9:-1.72:-1.4:-0.85:-0.5:-0.4,0.9:0.85:1.49:1.96:1.57:1.82:1.61:1.66:1.44:1.73:1.23:1.73:0.9:0.88:1.54:1.9:1.47:1.92,0.19:0.16:0.14:1.76:0.06:1.75:0.28:1.76:0.28:1.81:0.21:0.26:0.15:0.16:1.36:1.75:0.11:1.74,0.23217159748176816:0.25179199448053441:0.089137759749932738:0.041578912722774253:0.078286916835947101:0.052182519954704729:0.073367365903421397:0.067650357907402078:0.096670628769415901:0.060387095151452713:0.13591657511358074:0.060387095151452713:0.23217159748176816:0.23982928955321148:0.082191874764659584:0.045830281257289544:0.0920777813697473:0.044366931296699781,0.73470881792585185:0.77135615492427601:0.79679771614834627:0.057518088127598156:0.90723669115953587:0.058458949591666226:0.63488660045922063:0.057518088127598156:0.63488660045922063:0.053036103996205355:0.71124974042813871:0.65582700031577057:0.78397373845086993:0.77135615492427601:0.11006951902551425:0.058458949591666226:0.83654205255865199:0.059415201349872798,0.533172
