id2,seq2,E,ED1,ED2,Pu1,Pu2,subseqDB,hybridDB,E_hybrid,seedStart1,seedEnd1,seedStart2,seedEnd2,seedE,seedED1,seedED2,seedPu1,seedPu2,P_E
TG-157-159,AUGUUUGACAGGCUAGCUACAACGAAACAUCAUUGCAAAAG,-13,5.47,2.7,0.000139807,0.0125149,148CAAUGAUGUUUGUCAAACAU&1AUGUUUGACAGGCUAGCUACAACGAAACAUCAUUG,148||||||||||||||||||||&1||||||||||...............||||||||||,-21.17,152:158:151:159:148,156:162:155:163:152,27:6:28:5:31,31:10:32:9:35,-2.39:-2.18:-1.84:-1.54:-0.57,1.17:0.97:1.19:1.65:2.68,1.26:1.39:1.25:1.55:0.12,0.14981379880025161:0.2072445554210775:0.14503027990060965:0.068756959619272029:0.012927674246246043,0.12945914231802855:0.10484008677008817:0.1315767912549704:0.080869046212902668:0.82307841378610314,0.673236
