Statistic,Value
Skewness,0.07145525868569896
Kurtosis,-0.6619047821021313
