Statistic,Value
Skewness,1.3743009851915717
Kurtosis,1.2680144524809602
