Statistic,Value
Skewness,0.5870088667149894
Kurtosis,-0.47229649758662573
