R2 Score,MAE,RMSE
0.9379296798271459,0.02285714285714286,0.03359421718944242
