Feature,Importance
E_diff_12,0.42758451814330495
pumin1_4d,0.22428092432164967
seedNumber_1,0.14729434692974042
Pu1_1,0.135322687686894
E_3,0.06551752291841105
