Statistic,Value
Skewness,-0.03728610152953514
Kurtosis,-0.9289868512908357
