id2,E_1,Pu1_1,Pu2_1,E_hybrid_1,seedNumber_1,seedEbest_1,E_3,seedNumber_3,E_diff_12,pumin1_4u,pumin5_8u,pumin1_4d,pumin5_8d
UA-17-18,0.6212146508513549,9.04830063444575,1.8436926027146323,1.9264440877110491,-0.3684820615051041,-0.6245637985575879,-1.3165008535157856,1.9491438986617313,-6.2790476860183215,2.6368292110670284,1.5769006034781219,0.0589974275275189,2.0356773401368264
