id2,E_1,Pu1_1,Pu2_1,E_hybrid_1,seedNumber_1,seedEbest_1,E_3,seedNumber_3,E_diff_12,pumin1_4u,pumin5_8u,pumin1_4d,pumin5_8d
UA-17-18,1.6736153605848751,17.345890360543066,2.8058398043653416,2.7361617771232587,-1.7415625854293866,-0.6745590313960712,-1.4021608611472296,1.9491438986617313,-1.2858318420431052,2.6368292110670284,1.5769006034781219,0.0589974275275189,2.0356773401368264
