id2,seq2,E,ED1,ED2,Pu1,Pu2,subseqDB,hybridDB,E_hybrid,seedStart1,seedEnd1,seedStart2,seedEnd2,seedE,seedED1,seedED2,seedPu1,seedPu2,P_E
UA-17-18,AUAGACCAUGGCUAGCUACAACGAUUAAAAUAAG,-14.54,1.77,0.59,0.0565924,0.383931,7CUUAUUUUAAUAUGGUCUAU&1AUAGACCAUGGCUAGCUACAACGAUUAAAAUAAG,7||||||||||||||||||||&1|||||||||..............|||||||||||,-16.9,20:19:21:18:22:7:13:9,24:23:25:22:26:11:17:13,3:4:2:5:1:30:24:28,7:8:6:9:5:34:28:32,-6.22:-5.59:-3.61:-3.59:-1.97:-0.76:-0.56:-0.08,0.91:0.95:0.9:0.93:0.76:0.84:0.29:0.43,0.22:0.23:0.22:0.31:0.2:0.01:0.04:0.01,0.22843493593298012:0.21408008141181548:0.23217159748176816:0.22114106285770455:0.29138085209890696:0.25591072290631295:0.6246684843179342:0.49773442165437909,0.69980260569904251:0.68853970568534617:0.69980260569904251:0.60472296845307305:0.72288412352190079:0.98390560434903551:0.93715998622305208:0.98390560434903551,0.823644
