id2,seq2,E,ED1,ED2,Pu1,Pu2,subseqDB,hybridDB,E_hybrid,seedStart1,seedEnd1,seedStart2,seedEnd2,seedE,seedED1,seedED2,seedPu1,seedPu2,P_E
UA-17-18,AUAGACCAUGGCUAGCUACAACGAUUAAAAUAAG,-13.46,0.57,0.57,0.396594,0.396594,9UGGCUAGCUA&9UGGCUAGCUA,9||||||||||&9||||||||||,-14.6,11:12:10:13:9:14,15:16:14:17:13:18,12:11:13:10:14:9,16:15:17:14:18:13,-5.94:-5.94:-4.75:-4.75:-3.97:-3.97,0.22:0.25:0.44:0.25:0.45:0.23,0.25:0.22:0.25:0.44:0.23:0.45,0.69980260569904251:0.66655479694078379:0.48972368694316948:0.66655479694078379:0.48184188016585705:0.68853970568534617,0.66655479694078379:0.69980260569904251:0.66655479694078379:0.48972368694316948:0.68853970568534617:0.48184188016585705,0.552908
