Statistic,Value
Skewness,-0.04558001825093419
Kurtosis,-0.39518250526882515
