Statistic,Value
Skewness,0.00021356760178169198
Kurtosis,3.3356079774176948
