Statistic,Value
Skewness,0.0395087533652796
Kurtosis,-0.40958955923111207
