Statistic,Value
Skewness,0.018675599857186236
Kurtosis,0.22318812298309254
