Statistic,Value
Skewness,-0.4162354939018208
Kurtosis,1.0226181902694966
