Statistic,Value
Skewness,0.29066761433523924
Kurtosis,0.09180002902927287
