Statistic,Value
Skewness,0.8429637557980689
Kurtosis,5.300517739697247
