Statistic,Value
Skewness,0.5406868984313792
Kurtosis,-0.9210711944003682
