Statistic,Value
Skewness,-1.555869238444022
Kurtosis,1.1042725715965815
