Statistic,Value
Skewness,-0.3704772249616035
Kurtosis,0.5969726854988133
