Statistic,Value
Skewness,-0.08820522185369953
Kurtosis,1.493531696658513
