Statistic,Value
Skewness,-1.5634010322024527
Kurtosis,1.6652462900935063
