id2,seq2,E_1,ED1_1,ED2_1,Pu1_1,Pu2_1,E_hybrid_1,P_E_1,seedNumber_1,seedEbest_1,E_2,ED1_2,ED2_2,Pu1_2,Pu2_2,E_hybrid_2,P_E_2,seedNumber_2,seedEbest_2,E_3,ED1_3,ED2_3,Pu1_3,Pu2_3,E_hybrid_3,P_E_3,seedNumber_3,seedEbest_3,E_diff_12,pumin1_4u,pumin5_8u,pumin1_4d,pumin5_8d
UA-17-18,AGACCAUGGCUAGCUACAACGAUUAAAAU,-8.98,0.96,0.37,0.210635,0.548627,-10.31,0.660667,4,-6.31,-9.39,1.9,0.41,0.0458303,0.514151,-11.7,0.403511,2,-6.19,-13.78,0.41,0.41,0.514151,0.514151,-14.6,0.570237,6,-6.25,-0.41000000000000014,0.7906575,0.6123781,0.253596,0.573037
