id2,seq2,E_1,ED1_1,ED2_1,Pu1_1,Pu2_1,subseqDB_1,hybridDB_1,E_hybrid_1,seedStart1_1,seedEnd1_1,seedStart2_1,seedEnd2_1,seedE_1,seedED1_1,seedED2_1,seedPu1_1,seedPu2_1,P_E_1,seedNumber_1,seedEbest_1,id2_2,seq2_2,E_2,ED1_2,ED2_2,Pu1_2,Pu2_2,subseqDB_2,hybridDB_2,E_hybrid_2,seedStart1_2,seedEnd1_2,seedStart2_2,seedEnd2_2,seedE_2,seedED1_2,seedED2_2,seedPu1_2,seedPu2_2,P_E_2,seedNumber_2,seedEbest_2,id2_3,seq2_3,E_3,ED1_3,ED2_3,Pu1_3,Pu2_3,subseqDB_3,hybridDB_3,E_hybrid_3,seedStart1_3,seedEnd1_3,seedStart2_3,seedEnd2_3,seedE_3,seedED1_3,seedED2_3,seedPu1_3,seedPu2_3,P_E_3,seedNumber_3,seedEbest_3,E_diff_12,pumin1_4u,pumin5_8u,pumin1_4d,pumin5_8d
UA-17-18,AGACCAUGGCUAGCUACAACGAUUAAAAU,-8.98,0.96,0.37,0.210635,0.548627,17UAUGGUCU&1AGACCAUG,17||||||||&1||||||||,-10.31,20:19:18:17,24:23:22:21,1:2:3:4,5:6:7:8,-6.31:-5.75:-3.75:-3.29,0.91:0.95:0.93:0.91,0.06:0.07:0.27:0.35,0.22843493593298012:0.21408008141181548:0.22114106285770455:0.22843493593298012,0.90723669115953587:0.89263526490294254:0.64527186109410339:0.56672216878424508,0.660667,4,-6.31,UA-17-18,AGACCAUGGCUAGCUACAACGAUUAAAAU,-9.39,1.9,0.41,0.0458303,0.514151,33GCUAGUUGG&4CCAUGGCUAGC,33|||||||||&4|||..||||||,-11.7,33:34,37:38,10:9,14:13,-6.19:-4.06,0.54:0.45,0.11:0.1,0.41637577471984782:0.48184188016585705,0.83654205255865199:0.850225924988118,0.403511,2,-6.19,UA-17-18,AGACCAUGGCUAGCUACAACGAUUAAAAU,-13.78,0.41,0.41,0.514151,0.514151,7UGGCUAGCUA&7UGGCUAGCUA,7||||||||||&7||||||||||,-14.6,9:10:8:11:7:12,13:14:12:15:11:16,10:9:11:8:12:7,14:13:15:12:16:11,-6.25:-6.25:-5.08:-5.08:-4.2:-4.2,0.1:0.11:0.37:0.11:0.37:0.09,0.11:0.1:0.11:0.37:0.09:0.37,0.850225924988118:0.83654205255865199:0.54862686496753843:0.83654205255865199:0.54862686496753843:0.864133633582297,0.83654205255865199:0.850225924988118:0.83654205255865199:0.54862686496753843:0.864133633582297:0.54862686496753843,0.570237,6,-6.25,-0.41000000000000014,0.7906575,0.6123781,0.253596,0.573037
